-- phpMyAdmin SQL Dump
-- version 3.4.11.1deb2+deb7u8
-- http://www.phpmyadmin.net
--
-- Host: localhost
-- Czas wygenerowania: 18 Gru 2022, 12:03
-- Wersja serwera: 5.5.60
-- Wersja PHP: 5.4.45-0+deb7u14

SET SQL_MODE="NO_AUTO_VALUE_ON_ZERO";
SET time_zone = "+00:00";


/*!40101 SET @OLD_CHARACTER_SET_CLIENT=@@CHARACTER_SET_CLIENT */;
/*!40101 SET @OLD_CHARACTER_SET_RESULTS=@@CHARACTER_SET_RESULTS */;
/*!40101 SET @OLD_COLLATION_CONNECTION=@@COLLATION_CONNECTION */;
/*!40101 SET NAMES utf8 */;

--
-- Baza danych: `amulkityn`
--

-- --------------------------------------------------------

--
-- Struktura tabeli dla tabeli `fakturyAM`
--

CREATE TABLE IF NOT EXISTS `fakturyAM` (
  `NrFaktury` varchar(15) NOT NULL DEFAULT '',
  `DataFaktury` date DEFAULT NULL,
  `NIP` varchar(13) DEFAULT NULL,
  `SposobPlatnosci` varchar(25) DEFAULT NULL,
  PRIMARY KEY (`NrFaktury`)
) ENGINE=InnoDB DEFAULT CHARSET=utf8;

--
-- Zrzut danych tabeli `fakturyAM`
--

INSERT INTO `fakturyAM` (`NrFaktury`, `DataFaktury`, `NIP`, `SposobPlatnosci`) VALUES
('F1/2003', '2003-01-01', '558-73-64-209', 'gotówka'),
('F1/2004', '2004-01-02', '474-629-76-54', 'przelew'),
('F1/2006', '2006-01-01', '145-79-24-386', 'przelew'),
('F1/2007', '2007-01-02', '917-93-55-122', 'gotówka'),
('F1/2008', '2008-01-01', '723-509-78-35', 'gotówka'),
('F10/2004', '2004-01-19', '378-92-95-517', 'gotówka'),
('F10/2006', '2006-01-31', '791-96-23-410', 'gotówka'),
('F10/2007', '2007-02-14', '591-412-99-58', 'przelew'),
('F10/2008', '2008-01-15', '624-526-79-48', 'gotówka'),
('F100/2003', '2003-03-25', '704-42-92-277', 'przelew'),
('F100/2004', '2004-08-06', '304-95-25-513', 'gotówka'),
('F100/2006', '2006-12-19', '303-15-12-641', 'gotówka'),
('F100/2008', '2008-12-27', '878-54-69-780', 'przelew'),
('F101/2003', '2003-03-25', '112-417-55-14', 'gotówka'),
('F101/2004', '2004-08-18', '409-388-54-63', 'przelew'),
('F101/2006', '2006-12-21', '522-314-38-51', 'przelew'),
('F102/2003', '2003-03-25', '813-76-70-187', 'przelew'),
('F102/2004', '2004-08-19', '576-344-88-82', 'przelew'),
('F102/2006', '2006-12-22', '563-271-65-20', 'gotówka'),
('F103/2003', '2003-03-26', '657-332-74-11', 'gotówka'),
('F103/2004', '2004-08-22', '507-347-32-43', 'gotówka'),
('F103/2006', '2006-12-25', '653-92-51-259', 'przelew'),
('F104/2003', '2003-03-27', '242-476-22-42', 'gotówka'),
('F104/2006', '2006-12-27', '164-12-91-857', 'przelew'),
('F105/2003', '2003-03-28', '488-887-29-21', 'gotówka'),
('F105/2004', '2004-08-26', '971-13-24-919', 'gotówka'),
('F105/2006', '2006-12-29', '167-35-52-503', 'gotówka'),
('F106/2003', '2003-03-28', '368-93-63-145', 'gotówka'),
('F106/2004', '2004-08-28', '490-119-84-46', 'gotówka'),
('F106/2006', '2006-12-31', '725-34-76-81', 'przelew'),
('F107/2003', '2003-03-29', '695-57-82-987', 'przelew'),
('F107/2004', '2004-08-28', '857-237-94-80', 'przelew'),
('F108/2003', '2003-03-29', '132-13-60-25', 'gotówka'),
('F108/2004', '2004-09-01', '609-133-34-27', 'gotówka'),
('F109/2003', '2003-03-29', '910-285-26-81', 'przelew'),
('F109/2004', '2004-09-04', '264-989-18-98', 'przelew'),
('F11/2003', '2003-01-10', '334-39-63-898', 'przelew'),
('F11/2004', '2004-01-21', '127-70-37-360', 'przelew'),
('F11/2006', '2006-01-31', '265-26-45-391', 'przelew'),
('F11/2007', '2007-02-14', '277-745-33-18', 'gotówka'),
('F11/2008', '2008-01-17', '117-75-80-578', 'przelew'),
('F110/2003', '2003-03-30', '347-60-53-501', 'gotówka'),
('F110/2004', '2004-09-04', '357-27-55-641', 'gotówka'),
('F111/2003', '2003-03-30', '177-48-38-830', 'gotówka'),
('F111/2004', '2004-09-04', '875-78-99-257', 'przelew'),
('F112/2003', '2003-03-31', '842-67-85-100', 'gotówka'),
('F113/2003', '2003-03-31', '236-75-15-866', 'przelew'),
('F113/2004', '2004-09-07', '861-35-25-135', 'gotówka'),
('F114/2003', '2003-04-03', '223-111-92-42', 'karta'),
('F114/2004', '2004-09-08', '340-52-55-810', 'gotówka'),
('F115/2003', '2003-04-03', '411-585-62-69', 'przelew'),
('F115/2004', '2004-09-08', '506-352-77-59', 'przelew'),
('F116/2003', '2003-04-04', '270-97-99-138', 'gotówka'),
('F116/2004', '2004-09-10', '536-54-65-580', 'przelew'),
('F117/2003', '2003-04-04', '617-33-79-311', 'gotówka'),
('F117/2004', '2004-09-10', '738-75-80-483', 'przelew'),
('F118/2003', '2003-04-04', '446-977-13-82', 'przelew'),
('F118/2004', '2004-09-10', '124-78-84-876', 'przelew'),
('F119/2003', '2003-04-08', '952-58-45-358', 'przelew'),
('F119/2004', '2004-09-12', '566-48-35-613', 'gotówka'),
('F12/2003', '2003-01-10', '120-26-96-699', 'przelew'),
('F12/2004', '2004-01-22', '196-353-11-78', 'przelew'),
('F12/2006', '2006-02-03', '411-45-11-770', 'przelew'),
('F12/2007', '2007-02-15', '806-392-33-63', 'przelew'),
('F12/2008', '2008-01-25', '136-814-48-18', 'gotówka'),
('F120/2003', '2003-04-08', '390-36-11-472', 'przelew'),
('F120/2004', '2004-09-16', '136-814-48-18', 'karta'),
('F121/2003', '2003-04-08', '383-133-64-81', 'przelew'),
('F121/2004', '2004-09-19', '936-883-57-69', 'przelew'),
('F122/2003', '2003-04-08', '267-19-29-90', 'przelew'),
('F122/2004', '2004-09-19', '872-78-16-590', 'przelew'),
('F123/2003', '2003-04-10', '334-39-63-898', 'przelew'),
('F123/2004', '2004-09-20', '801-62-58-737', 'gotówka'),
('F124/2003', '2003-04-11', '324-60-86-672', 'przelew'),
('F124/2004', '2004-09-20', '391-536-88-57', 'przelew'),
('F125/2003', '2003-04-11', '357-886-11-32', 'gotówka'),
('F125/2004', '2004-09-21', '304-78-68-914', 'gotówka'),
('F126/2003', '2003-04-11', '136-21-71-375', 'przelew'),
('F126/2004', '2004-09-25', '722-717-56-35', 'gotówka'),
('F127/2003', '2003-04-12', '116-79-49-979', 'przelew'),
('F127/2004', '2004-09-26', '916-671-60-90', 'przelew'),
('F128/2003', '2003-04-15', '391-116-20-32', 'gotówka'),
('F128/2004', '2004-09-29', '247-29-87-766', 'przelew'),
('F129/2003', '2003-04-18', '245-289-70-27', 'gotówka'),
('F129/2004', '2004-10-02', '878-54-69-780', 'przelew'),
('F13/2003', '2003-01-11', '227-13-93-61', 'przelew'),
('F13/2004', '2004-02-05', '165-21-46-695', 'przelew'),
('F13/2006', '2006-02-06', '317-89-45-89', 'przelew'),
('F13/2007', '2007-02-18', '390-89-94-439', 'gotówka'),
('F13/2008', '2008-01-26', '356-459-33-33', 'gotówka'),
('F130/2003', '2003-04-19', '131-97-18-522', 'gotówka'),
('F130/2004', '2004-10-02', '248-95-99-151', 'przelew'),
('F131/2003', '2003-04-20', '592-585-66-45', 'gotówka'),
('F131/2004', '2004-10-04', '545-32-97-499', 'przelew'),
('F132/2003', '2003-04-20', '356-459-33-33', 'gotówka'),
('F132/2004', '2004-10-04', '127-70-37-360', 'przelew'),
('F133/2003', '2003-04-20', '561-86-43-994', 'przelew'),
('F133/2004', '2004-10-05', '505-33-53-260', 'przelew'),
('F134/2003', '2003-04-22', '875-78-99-257', 'przelew'),
('F134/2004', '2004-10-06', '329-55-22-320', 'gotówka'),
('F135/2003', '2003-04-22', '116-79-49-979', 'przelew'),
('F135/2004', '2004-10-10', '386-54-34-721', 'gotówka'),
('F136/2003', '2003-04-23', '289-61-65-219', 'gotówka'),
('F136/2004', '2004-10-11', '143-86-54-960', 'przelew'),
('F137/2003', '2003-04-24', '327-44-90-424', 'gotówka'),
('F137/2004', '2004-10-15', '245-913-40-78', 'przelew'),
('F138/2003', '2003-04-25', '330-16-60-521', 'gotówka'),
('F138/2004', '2004-10-15', '123-51-32-945', 'gotówka'),
('F139/2003', '2003-04-28', '152-12-86-206', 'gotówka'),
('F139/2004', '2004-10-18', '518-954-46-72', 'przelew'),
('F14/2003', '2003-01-11', '317-89-45-89', 'przelew'),
('F14/2004', '2004-02-10', '971-13-24-919', 'gotówka'),
('F14/2006', '2006-02-06', '334-724-76-88', 'przelew'),
('F14/2007', '2007-02-19', '907-75-48-103', 'gotówka'),
('F14/2008', '2008-01-26', '374-66-92-739', 'gotówka'),
('F140/2003', '2003-04-28', '917-93-55-122', 'gotówka'),
('F140/2004', '2004-10-18', '102-11-44-660', 'przelew'),
('F141/2003', '2003-04-28', '215-572-28-81', 'przelew'),
('F141/2004', '2004-10-19', '692-113-21-33', 'gotówka'),
('F142/2003', '2003-04-29', '970-263-65-67', 'przelew'),
('F142/2004', '2004-10-20', '728-80-66-224', 'gotówka'),
('F143/2003', '2003-04-29', '351-124-39-40', 'gotówka'),
('F143/2004', '2004-10-20', '101-294-43-23', 'gotówka'),
('F144/2003', '2003-04-29', '164-19-83-868', 'przelew'),
('F144/2004', '2004-10-21', '162-89-51-297', 'przelew'),
('F145/2003', '2003-04-30', '402-44-84-695', 'przelew'),
('F145/2004', '2004-10-25', '421-48-56-729', 'gotówka'),
('F146/2003', '2003-04-30', '164-12-91-857', 'przelew'),
('F146/2004', '2004-10-26', '589-186-23-96', 'przelew'),
('F147/2003', '2003-05-01', '540-69-56-948', 'gotówka'),
('F147/2004', '2004-10-27', '133-32-72-945', 'gotówka'),
('F148/2003', '2003-05-01', '958-83-24-712', 'gotówka'),
('F148/2004', '2004-10-28', '897-296-17-47', 'gotówka'),
('F149/2003', '2003-05-02', '271-265-34-55', 'przelew'),
('F149/2004', '2004-11-05', '434-58-14-833', 'gotówka'),
('F15/2003', '2003-01-12', '386-54-34-721', 'gotówka'),
('F15/2004', '2004-02-12', '324-113-20-82', 'przelew'),
('F15/2006', '2006-02-19', '140-98-29-674', 'przelew'),
('F15/2007', '2007-02-22', '925-96-33-430', 'gotówka'),
('F15/2008', '2008-01-27', '437-953-64-78', 'przelew'),
('F150/2003', '2003-05-04', '545-89-53-917', 'gotówka'),
('F150/2004', '2004-11-07', '606-927-48-12', 'gotówka'),
('F151/2003', '2003-05-05', '539-108-24-71', 'przelew'),
('F151/2004', '2004-11-11', '401-727-86-88', 'przelew'),
('F152/2003', '2003-05-05', '736-189-76-13', 'gotówka'),
('F152/2004', '2004-11-12', '490-63-17-257', 'przelew'),
('F153/2003', '2003-05-05', '799-765-30-93', 'przelew'),
('F153/2004', '2004-11-16', '900-53-44-376', 'przelew'),
('F154/2003', '2003-05-06', '684-65-59-450', 'przelew'),
('F154/2004', '2004-11-19', '139-699-19-34', 'gotówka'),
('F155/2003', '2003-05-07', '743-33-89-393', 'przelew'),
('F155/2004', '2004-11-24', '621-80-43-873', 'przelew'),
('F156/2003', '2003-05-07', '417-958-25-96', 'przelew'),
('F156/2004', '2004-11-24', '853-150-32-25', 'gotówka'),
('F157/2003', '2003-05-08', '106-91-36-414', 'gotówka'),
('F157/2004', '2004-11-26', '133-36-67-216', 'gotówka'),
('F158/2003', '2003-05-08', '195-99-68-907', 'gotówka'),
('F158/2004', '2004-11-26', '299-70-82-243', 'gotówka'),
('F159/2003', '2003-05-08', '347-60-53-501', 'gotówka'),
('F159/2004', '2004-11-30', '390-89-94-439', 'gotówka'),
('F16/2003', '2003-01-13', '101-294-43-23', 'gotówka'),
('F16/2004', '2004-02-17', '148-68-77-637', 'gotówka'),
('F16/2006', '2006-02-22', '382-91-49-911', 'gotówka'),
('F16/2007', '2007-02-25', '884-92-11-707', 'gotówka'),
('F16/2008', '2008-02-04', '523-866-85-50', 'przelew'),
('F160/2003', '2003-05-08', '104-53-81-810', 'gotówka'),
('F160/2004', '2004-11-30', '149-18-22-501', 'gotówka'),
('F161/2003', '2003-05-08', '970-263-65-67', 'przelew'),
('F161/2004', '2004-12-02', '123-51-32-945', 'gotówka'),
('F162/2003', '2003-05-09', '408-12-52-126', 'gotówka'),
('F162/2004', '2004-12-06', '136-814-48-18', 'gotówka'),
('F163/2003', '2003-05-11', '303-15-12-641', 'gotówka'),
('F163/2004', '2004-12-10', '963-84-81-592', 'przelew'),
('F164/2003', '2003-05-11', '922-213-87-40', 'gotówka'),
('F165/2003', '2003-05-11', '924-80-73-639', 'gotówka'),
('F165/2004', '2004-12-18', '142-70-85-584', 'przelew'),
('F166/2003', '2003-05-12', '732-92-95-132', 'gotówka'),
('F166/2004', '2004-12-20', '106-91-36-414', 'gotówka'),
('F167/2003', '2003-05-13', '131-97-18-522', 'gotówka'),
('F167/2004', '2004-12-22', '879-69-47-936', 'gotówka'),
('F168/2003', '2003-05-13', '840-30-88-22', 'gotówka'),
('F168/2004', '2004-12-26', '107-83-27-871', 'przelew'),
('F169/2003', '2003-05-14', '455-98-48-90', 'przelew'),
('F169/2004', '2004-12-30', '816-16-69-483', 'przelew'),
('F17/2003', '2003-01-13', '520-21-69-329', 'gotówka'),
('F17/2004', '2004-02-18', '897-522-30-94', 'przelew'),
('F17/2006', '2006-02-23', '537-425-73-72', 'przelew'),
('F17/2007', '2007-03-01', '117-75-80-578', 'przelew'),
('F17/2008', '2008-02-12', '370-76-84-470', 'przelew'),
('F170/2003', '2003-05-15', '340-52-55-810', 'gotówka'),
('F170/2004', '2004-12-31', '131-97-18-522', 'gotówka'),
('F171/2003', '2003-05-15', '509-59-60-183', 'przelew'),
('F172/2003', '2003-05-16', '156-391-75-44', 'gotówka'),
('F173/2003', '2003-05-16', '253-150-22-20', 'gotówka'),
('F174/2003', '2003-05-16', '107-83-27-871', 'przelew'),
('F175/2003', '2003-05-17', '831-27-91-21', 'gotówka'),
('F176/2003', '2003-05-17', '447-16-28-88', 'przelew'),
('F177/2003', '2003-05-17', '963-84-81-592', 'przelew'),
('F178/2003', '2003-05-18', '881-300-13-40', 'gotówka'),
('F179/2003', '2003-05-18', '416-546-40-82', 'przelew'),
('F18/2003', '2003-01-13', '738-579-86-50', 'przelew'),
('F18/2004', '2004-02-19', '724-36-50-440', 'gotówka'),
('F18/2007', '2007-03-05', '120-18-53-648', 'gotówka'),
('F18/2008', '2008-02-17', '390-36-11-472', 'przelew'),
('F180/2003', '2003-05-19', '898-26-90-745', 'gotówka'),
('F181/2003', '2003-05-20', '938-992-71-88', 'przelew'),
('F182/2003', '2003-05-21', '120-56-32-323', 'gotówka'),
('F183/2003', '2003-05-21', '484-731-80-19', 'gotówka'),
('F184/2003', '2003-05-23', '366-355-14-38', 'gotówka'),
('F185/2003', '2003-05-23', '270-97-99-138', 'gotówka'),
('F186/2003', '2003-05-25', '696-86-55-623', 'gotówka'),
('F187/2003', '2003-05-25', '120-56-32-323', 'gotówka'),
('F188/2003', '2003-05-25', '354-458-61-58', 'przelew'),
('F189/2003', '2003-05-27', '304-880-30-62', 'przelew'),
('F19/2003', '2003-01-16', '738-78-73-243', 'gotówka'),
('F19/2004', '2004-02-20', '819-763-32-89', 'przelew'),
('F19/2006', '2006-03-01', '637-93-85-736', 'gotówka'),
('F19/2007', '2007-03-06', '855-280-33-61', 'przelew'),
('F19/2008', '2008-02-28', '127-70-37-360', 'przelew'),
('F190/2003', '2003-05-27', '351-124-39-40', 'gotówka'),
('F191/2003', '2003-05-28', '533-18-65-721', 'gotówka'),
('F192/2003', '2003-05-29', '133-32-72-945', 'gotówka'),
('F193/2003', '2003-05-29', '512-99-92-161', 'przelew'),
('F194/2003', '2003-05-30', '380-87-35-256', 'przelew'),
('F195/2003', '2003-05-30', '107-98-59-470', 'przelew'),
('F196/2003', '2003-05-30', '721-41-12-616', 'gotówka'),
('F197/2003', '2003-05-30', '282-25-86-749', 'gotówka'),
('F198/2003', '2003-06-01', '859-330-89-87', 'przelew'),
('F199/2003', '2003-06-02', '995-845-85-93', 'przelew'),
('F2/2003', '2003-01-01', '391-536-88-57', 'przelew'),
('F2/2004', '2004-01-03', '427-452-25-41', 'gotówka'),
('F2/2006', '2006-01-02', '104-53-81-810', 'gotówka'),
('F2/2007', '2007-01-04', '530-54-89-534', 'gotówka'),
('F2/2008', '2008-01-01', '341-35-25-130', 'gotówka'),
('F20/2003', '2003-01-22', '938-75-90-724', 'gotówka'),
('F20/2004', '2004-02-21', '416-546-40-82', 'przelew'),
('F20/2006', '2006-03-12', '131-97-18-522', 'gotówka'),
('F20/2007', '2007-03-10', '253-150-22-20', 'gotówka'),
('F20/2008', '2008-03-02', '135-14-42-479', 'przelew'),
('F200/2003', '2003-06-03', '566-11-70-396', 'przelew'),
('F201/2003', '2003-06-03', '280-32-86-183', 'przelew'),
('F202/2003', '2003-06-04', '107-98-59-470', 'przelew'),
('F203/2003', '2003-06-05', '408-12-52-126', 'gotówka'),
('F204/2003', '2003-06-07', '653-658-82-94', 'przelew'),
('F205/2003', '2003-06-07', '188-53-90-300', 'gotówka'),
('F206/2003', '2003-06-07', '613-47-51-827', 'gotówka'),
('F207/2003', '2003-06-07', '120-56-32-323', 'gotówka'),
('F208/2003', '2003-06-07', '437-953-64-78', 'przelew'),
('F209/2003', '2003-06-08', '139-516-27-51', 'przelew'),
('F21/2003', '2003-01-23', '133-32-72-945', 'gotówka'),
('F21/2004', '2004-02-22', '825-64-55-870', 'przelew'),
('F21/2006', '2006-03-15', '132-13-60-25', 'gotówka'),
('F21/2007', '2007-03-10', '924-80-73-639', 'gotówka'),
('F21/2008', '2008-03-10', '763-81-98-944', 'gotówka'),
('F210/2003', '2003-06-09', '840-24-26-340', 'karta'),
('F211/2003', '2003-06-09', '329-55-22-320', 'gotówka'),
('F212/2003', '2003-06-09', '391-116-20-32', 'gotówka'),
('F213/2003', '2003-06-09', '673-72-59-419', 'gotówka'),
('F214/2003', '2003-06-10', '899-24-25-245', 'gotówka'),
('F215/2003', '2003-06-10', '761-98-55-896', 'przelew'),
('F216/2003', '2003-06-11', '257-65-16-901', 'gotówka'),
('F217/2003', '2003-06-11', '899-24-25-245', 'gotówka'),
('F218/2003', '2003-06-12', '411-45-11-770', 'przelew'),
('F219/2003', '2003-06-12', '519-554-99-43', 'gotówka'),
('F22/2003', '2003-01-23', '893-34-78-194', 'przelew'),
('F22/2004', '2004-02-28', '853-91-84-957', 'przelew'),
('F22/2006', '2006-03-18', '650-47-16-437', 'gotówka'),
('F22/2007', '2007-03-24', '267-815-48-50', 'przelew'),
('F22/2008', '2008-03-25', '341-35-25-130', 'gotówka'),
('F220/2003', '2003-06-13', '223-111-92-42', 'gotówka'),
('F221/2003', '2003-06-13', '534-33-53-374', 'przelew'),
('F222/2003', '2003-06-13', '133-36-67-216', 'gotówka'),
('F223/2003', '2003-06-13', '240-678-94-80', 'przelew'),
('F224/2003', '2003-06-14', '537-647-44-18', 'gotówka'),
('F225/2003', '2003-06-15', '314-72-67-520', 'gotówka'),
('F226/2003', '2003-06-15', '160-748-90-26', 'gotówka'),
('F227/2003', '2003-06-16', '435-30-38-198', 'przelew'),
('F228/2003', '2003-06-16', '133-36-67-216', 'gotówka'),
('F23/2003', '2003-01-24', '477-56-12-226', 'gotówka'),
('F23/2004', '2004-03-03', '800-80-92-818', 'gotówka'),
('F23/2006', '2006-03-29', '325-743-37-14', 'gotówka'),
('F23/2007', '2007-03-28', '383-95-45-944', 'gotówka'),
('F23/2008', '2008-03-26', '315-18-51-456', 'przelew'),
('F230/2003', '2003-06-19', '813-25-86-759', 'przelew'),
('F231/2003', '2003-06-20', '202-71-20-81', 'przelew'),
('F232/2003', '2003-06-21', '409-388-54-63', 'przelew'),
('F233/2003', '2003-06-22', '709-443-10-64', 'przelew'),
('F234/2003', '2003-06-22', '132-13-60-25', 'gotówka'),
('F235/2003', '2003-06-23', '956-267-13-70', 'przelew'),
('F236/2003', '2003-06-24', '994-75-48-602', 'gotówka'),
('F237/2003', '2003-06-26', '710-672-13-39', 'gotówka'),
('F238/2003', '2003-06-26', '117-75-80-578', 'przelew'),
('F239/2003', '2003-06-26', '172-527-39-68', 'przelew'),
('F24/2003', '2003-01-24', '590-14-54-208', 'gotówka'),
('F24/2004', '2004-03-04', '840-30-88-22', 'gotówka'),
('F24/2006', '2006-03-30', '358-957-43-83', 'przelew'),
('F24/2007', '2007-04-24', '246-15-36-314', 'gotówka'),
('F24/2008', '2008-03-29', '533-18-65-721', 'gotówka'),
('F240/2003', '2003-06-27', '100-623-59-22', 'gotówka'),
('F241/2003', '2003-06-28', '357-27-55-641', 'gotówka'),
('F242/2003', '2003-06-28', '657-59-93-326', 'gotówka'),
('F243/2003', '2003-06-29', '132-37-76-918', 'gotówka'),
('F244/2003', '2003-06-29', '922-213-87-40', 'gotówka'),
('F245/2003', '2003-06-30', '428-931-31-98', 'przelew'),
('F246/2003', '2003-07-01', '139-516-27-51', 'przelew'),
('F247/2003', '2003-07-01', '436-767-98-17', 'gotówka'),
('F248/2003', '2003-07-01', '340-52-55-810', 'gotówka'),
('F249/2003', '2003-07-02', '698-10-40-965', 'przelew'),
('F25/2003', '2003-01-25', '172-560-13-84', 'przelew'),
('F25/2004', '2004-03-08', '141-477-85-24', 'gotówka'),
('F25/2006', '2006-04-01', '523-829-84-96', 'przelew'),
('F25/2007', '2007-04-26', '358-331-24-16', 'gotówka'),
('F25/2008', '2008-04-05', '456-28-47-924', 'gotówka'),
('F250/2003', '2003-07-04', '438-35-51-506', 'gotówka'),
('F251/2003', '2003-07-04', '841-43-87-39', 'gotówka'),
('F252/2003', '2003-07-04', '152-12-86-206', 'gotówka'),
('F253/2003', '2003-07-05', '270-48-76-3', 'gotówka'),
('F254/2003', '2003-07-05', '798-60-30-173', 'przelew'),
('F255/2003', '2003-07-06', '435-30-38-198', 'przelew'),
('F256/2003', '2003-07-06', '132-37-76-918', 'gotówka'),
('F257/2003', '2003-07-07', '989-92-13-172', 'przelew'),
('F258/2003', '2003-07-07', '346-22-81-563', 'przelew'),
('F259/2003', '2003-07-08', '305-48-80-242', 'gotówka'),
('F26/2003', '2003-01-26', '329-55-22-320', 'gotówka'),
('F26/2004', '2004-03-10', '344-341-43-33', 'gotówka'),
('F26/2006', '2006-04-01', '814-107-19-25', 'gotówka'),
('F26/2007', '2007-05-03', '289-61-65-219', 'gotówka'),
('F26/2008', '2008-04-13', '623-24-40-722', 'gotówka'),
('F260/2003', '2003-07-10', '982-162-64-87', 'przelew'),
('F261/2003', '2003-07-10', '155-620-95-67', 'przelew'),
('F262/2003', '2003-07-10', '512-99-92-161', 'przelew'),
('F263/2003', '2003-07-11', '810-10-10-794', 'przelew'),
('F264/2003', '2003-07-12', '402-44-84-695', 'przelew'),
('F265/2003', '2003-07-14', '544-192-67-65', 'przelew'),
('F266/2003', '2003-07-14', '842-67-85-100', 'gotówka'),
('F267/2003', '2003-07-15', '304-95-25-513', 'gotówka'),
('F268/2003', '2003-07-16', '341-35-25-130', 'gotówka'),
('F269/2003', '2003-07-16', '356-459-33-33', 'gotówka'),
('F27/2003', '2003-01-26', '701-660-11-18', 'gotówka'),
('F27/2004', '2004-03-15', '143-86-54-960', 'przelew'),
('F27/2006', '2006-04-02', '341-35-25-130', 'gotówka'),
('F27/2007', '2007-05-08', '240-678-94-80', 'przelew'),
('F27/2008', '2008-04-14', '174-71-55-206', 'gotówka'),
('F270/2003', '2003-07-16', '657-21-69-856', 'przelew'),
('F271/2003', '2003-07-17', '357-886-11-32', 'gotówka'),
('F272/2003', '2003-07-17', '179-72-59-672', 'przelew'),
('F273/2003', '2003-07-18', '585-88-54-415', 'gotówka'),
('F274/2003', '2003-07-18', '653-38-18-286', 'przelew'),
('F275/2003', '2003-07-19', '897-296-17-47', 'gotówka'),
('F276/2003', '2003-07-19', '670-40-71-642', 'gotówka'),
('F277/2003', '2003-07-19', '257-61-87-625', 'gotówka'),
('F279/2003', '2003-07-20', '132-37-76-918', 'gotówka'),
('F28/2003', '2003-01-27', '651-39-89-665', 'przelew'),
('F28/2004', '2004-03-17', '678-57-56-134', 'gotówka'),
('F28/2006', '2006-04-02', '391-536-88-57', 'przelew'),
('F28/2007', '2007-05-14', '980-96-86-307', 'gotówka'),
('F28/2008', '2008-04-18', '914-743-73-97', 'przelew'),
('F280/2003', '2003-07-20', '436-56-22-401', 'gotówka'),
('F281/2003', '2003-07-20', '172-560-13-84', 'przelew'),
('F282/2003', '2003-07-20', '132-13-60-25', 'gotówka'),
('F283/2003', '2003-07-21', '733-797-60-31', 'gotówka'),
('F284/2003', '2003-07-22', '483-59-39-384', 'przelew'),
('F285/2003', '2003-07-22', '784-70-76-316', 'gotówka'),
('F286/2003', '2003-07-23', '853-91-84-957', 'przelew'),
('F287/2003', '2003-07-23', '994-87-35-114', 'gotówka'),
('F288/2003', '2003-07-26', '752-223-88-50', 'przelew'),
('F289/2003', '2003-07-26', '503-889-46-41', 'gotówka'),
('F29/2003', '2003-01-27', '193-15-74-911', 'gotówka'),
('F29/2004', '2004-03-18', '360-94-75-375', 'przelew'),
('F29/2006', '2006-04-05', '108-32-87-77', 'przelew'),
('F29/2007', '2007-05-17', '761-65-61-73', 'przelew'),
('F290/2003', '2003-07-27', '112-417-55-14', 'gotówka'),
('F291/2003', '2003-07-28', '920-160-92-27', 'gotówka'),
('F292/2003', '2003-07-29', '898-606-61-76', 'przelew'),
('F293/2003', '2003-08-02', '300-61-89-687', 'przelew'),
('F294/2003', '2003-08-03', '350-411-13-56', 'karta'),
('F295/2003', '2003-08-06', '966-348-53-91', 'przelew'),
('F296/2003', '2003-08-07', '247-29-87-766', 'przelew'),
('F297/2003', '2003-08-07', '383-133-64-81', 'przelew'),
('F298/2003', '2003-08-08', '249-52-41-770', 'przelew'),
('F299/2003', '2003-08-08', '670-49-70-632', 'gotówka'),
('F3/2003', '2003-01-02', '574-45-93-818', 'gotówka'),
('F3/2004', '2004-01-04', '411-585-62-69', 'przelew'),
('F3/2006', '2006-01-04', '248-95-99-151', 'przelew'),
('F3/2007', '2007-01-05', '148-68-77-637', 'gotówka'),
('F3/2008', '2008-01-02', '303-62-40-153', 'przelew'),
('F30/2003', '2003-01-28', '640-45-16-418', 'gotówka'),
('F30/2004', '2004-03-20', '920-160-92-27', 'gotówka'),
('F30/2006', '2006-04-11', '952-58-45-358', 'przelew'),
('F30/2007', '2007-05-23', '666-23-73-878', 'przelew'),
('F30/2008', '2008-04-26', '346-22-81-563', 'przelew'),
('F300/2003', '2003-08-10', '131-97-18-522', 'gotówka'),
('F301/2003', '2003-08-11', '865-196-19-66', 'przelew'),
('F302/2003', '2003-08-14', '391-536-88-57', 'przelew'),
('F303/2003', '2003-08-17', '467-923-35-26', 'gotówka'),
('F304/2003', '2003-08-21', '324-113-20-82', 'przelew'),
('F305/2003', '2003-08-21', '561-18-66-646', 'gotówka'),
('F306/2003', '2003-08-24', '878-85-22-561', 'przelew'),
('F307/2003', '2003-08-24', '377-680-44-90', 'przelew'),
('F308/2003', '2003-08-25', '755-54-58-44', 'gotówka'),
('F309/2003', '2003-08-25', '164-751-93-73', 'przelew'),
('F31/2003', '2003-01-28', '188-59-90-773', 'przelew'),
('F31/2004', '2004-03-22', '140-98-29-674', 'przelew'),
('F31/2006', '2006-05-04', '401-727-86-88', 'przelew'),
('F31/2007', '2007-05-27', '401-68-78-38', 'gotówka'),
('F31/2008', '2008-04-27', '717-74-79-129', 'gotówka'),
('F310/2003', '2003-08-25', '266-34-35-303', 'gotówka'),
('F311/2003', '2003-08-26', '931-53-21-499', 'przelew'),
('F312/2003', '2003-08-26', '847-99-62-520', 'gotówka'),
('F313/2003', '2003-08-27', '354-458-61-58', 'przelew'),
('F314/2003', '2003-08-27', '315-18-51-456', 'przelew'),
('F315/2003', '2003-08-27', '808-70-90-270', 'przelew'),
('F316/2003', '2003-08-28', '535-89-48-399', 'przelew'),
('F317/2003', '2003-08-28', '263-65-29-302', 'gotówka'),
('F318/2003', '2003-08-29', '898-26-90-745', 'gotówka'),
('F319/2003', '2003-09-05', '409-388-54-63', 'przelew'),
('F32/2003', '2003-01-29', '135-14-42-479', 'karta'),
('F32/2004', '2004-03-23', '664-755-58-55', 'przelew'),
('F32/2006', '2006-05-07', '179-72-59-672', 'przelew'),
('F32/2007', '2007-05-27', '907-75-48-103', 'gotówka'),
('F32/2008', '2008-04-28', '729-82-67-206', 'gotówka'),
('F320/2003', '2003-09-06', '345-20-85-42', 'gotówka'),
('F321/2003', '2003-09-06', '299-70-82-243', 'gotówka'),
('F322/2003', '2003-09-07', '882-26-57-268', 'przelew'),
('F323/2003', '2003-09-07', '677-15-70-294', 'przelew'),
('F324/2003', '2003-09-07', '239-870-13-27', 'gotówka'),
('F325/2003', '2003-09-08', '251-89-93-233', 'gotówka'),
('F326/2003', '2003-09-11', '110-47-58-413', 'gotówka'),
('F327/2003', '2003-09-12', '141-477-85-24', 'gotówka'),
('F328/2003', '2003-09-13', '986-44-32-656', 'przelew'),
('F329/2003', '2003-09-13', '498-65-16-857', 'przelew'),
('F33/2003', '2003-01-29', '514-51-81-559', 'przelew'),
('F33/2004', '2004-03-25', '175-55-64-665', 'przelew'),
('F33/2006', '2006-05-09', '738-24-61-248', 'gotówka'),
('F33/2007', '2007-06-03', '304-78-68-914', 'gotówka'),
('F33/2008', '2008-04-28', '133-36-67-216', 'gotówka'),
('F330/2003', '2003-09-14', '390-36-11-472', 'przelew'),
('F331/2003', '2003-09-14', '900-53-44-376', 'przelew'),
('F332/2003', '2003-09-17', '574-668-70-29', 'gotówka'),
('F333/2003', '2003-09-17', '840-24-26-340', 'gotówka'),
('F334/2003', '2003-09-20', '417-583-84-66', 'przelew'),
('F335/2003', '2003-09-21', '350-411-13-56', 'przelew'),
('F336/2003', '2003-09-21', '851-34-73-44', 'gotówka'),
('F337/2003', '2003-09-22', '756-352-64-42', 'gotówka'),
('F338/2003', '2003-09-22', '661-640-78-61', 'przelew'),
('F339/2003', '2003-09-24', '615-269-20-34', 'gotówka'),
('F34/2003', '2003-01-29', '135-14-42-479', 'przelew'),
('F34/2004', '2004-03-28', '908-30-41-111', 'gotówka'),
('F34/2006', '2006-05-11', '175-55-64-665', 'przelew'),
('F34/2007', '2007-06-03', '267-630-95-68', 'przelew'),
('F34/2008', '2008-05-01', '242-476-22-42', 'gotówka'),
('F340/2003', '2003-09-25', '351-124-39-40', 'gotówka'),
('F341/2003', '2003-09-25', '455-94-27-688', 'przelew'),
('F342/2003', '2003-09-26', '132-37-76-918', 'gotówka'),
('F343/2003', '2003-09-28', '204-49-71-579', 'przelew'),
('F344/2003', '2003-09-29', '448-96-58-159', 'przelew'),
('F345/2003', '2003-09-29', '390-36-11-472', 'przelew'),
('F346/2003', '2003-09-30', '227-13-93-61', 'przelew'),
('F348/2003', '2003-10-01', '257-65-16-901', 'gotówka'),
('F349/2003', '2003-10-03', '447-767-29-16', 'gotówka'),
('F35/2003', '2003-01-30', '257-61-87-625', 'gotówka'),
('F35/2004', '2004-03-29', '401-68-78-38', 'gotówka'),
('F35/2006', '2006-05-11', '884-92-11-707', 'gotówka'),
('F35/2007', '2007-06-04', '304-360-95-97', 'przelew'),
('F35/2008', '2008-05-13', '313-50-10-80', 'przelew'),
('F350/2003', '2003-10-05', '107-98-59-470', 'przelew'),
('F351/2003', '2003-10-05', '383-95-45-944', 'gotówka'),
('F352/2003', '2003-10-06', '703-202-65-12', 'gotówka'),
('F353/2003', '2003-10-07', '133-32-72-945', 'gotówka'),
('F354/2003', '2003-10-09', '120-56-32-323', 'gotówka'),
('F355/2003', '2003-10-10', '351-124-39-40', 'gotówka'),
('F356/2003', '2003-10-10', '271-265-34-55', 'przelew'),
('F357/2003', '2003-10-11', '206-97-92-247', 'gotówka'),
('F358/2003', '2003-10-11', '731-614-68-48', 'gotówka'),
('F359/2003', '2003-10-11', '672-67-78-792', 'przelew'),
('F36/2003', '2003-01-30', '330-16-60-521', 'gotówka'),
('F36/2004', '2004-03-29', '136-814-48-18', 'gotówka'),
('F36/2006', '2006-05-21', '360-94-75-375', 'przelew'),
('F36/2007', '2007-06-08', '415-895-49-28', 'gotówka'),
('F36/2008', '2008-05-13', '570-44-11-575', 'przelew'),
('F360/2003', '2003-10-12', '963-622-17-75', 'przelew'),
('F361/2003', '2003-10-12', '107-83-27-871', 'przelew'),
('F362/2003', '2003-10-13', '112-417-55-14', 'gotówka'),
('F363/2003', '2003-10-13', '304-880-30-62', 'przelew'),
('F364/2003', '2003-10-14', '248-99-81-759', 'przelew'),
('F365/2003', '2003-10-14', '908-35-44-389', 'przelew'),
('F366/2003', '2003-10-14', '834-448-56-67', 'przelew'),
('F367/2003', '2003-10-15', '267-630-95-68', 'przelew'),
('F368/2003', '2003-10-15', '358-331-24-16', 'gotówka'),
('F369/2003', '2003-10-16', '913-36-51-124', 'gotówka'),
('F37/2003', '2003-01-31', '383-133-64-81', 'przelew'),
('F37/2004', '2004-03-31', '120-26-96-699', 'przelew'),
('F37/2006', '2006-05-23', '503-30-76-816', 'gotówka'),
('F37/2007', '2007-06-09', '116-89-46-574', 'przelew'),
('F37/2008', '2008-05-17', '264-989-18-98', 'przelew'),
('F370/2003', '2003-10-16', '694-59-95-431', 'gotówka'),
('F371/2003', '2003-10-18', '492-52-71-294', 'przelew'),
('F372/2003', '2003-10-18', '112-186-78-65', 'przelew'),
('F373/2003', '2003-10-19', '305-50-40-752', 'przelew'),
('F374/2003', '2003-10-19', '215-225-84-26', 'gotówka'),
('F375/2003', '2003-10-21', '391-116-20-32', 'gotówka'),
('F376/2003', '2003-10-22', '610-62-55-609', 'gotówka'),
('F377/2003', '2003-10-23', '906-13-61-618', 'gotówka'),
('F378/2003', '2003-10-25', '652-507-25-70', 'przelew'),
('F379/2003', '2003-10-26', '164-19-83-868', 'przelew'),
('F38/2003', '2003-02-04', '522-314-38-51', 'przelew'),
('F38/2004', '2004-03-31', '173-230-85-72', 'przelew'),
('F38/2006', '2006-05-30', '411-29-65-886', 'przelew'),
('F38/2007', '2007-06-09', '249-52-41-770', 'przelew'),
('F38/2008', '2008-05-19', '195-99-68-907', 'gotówka'),
('F380/2003', '2003-10-26', '613-35-86-945', 'gotówka'),
('F381/2003', '2003-10-28', '715-43-53-996', 'przelew'),
('F382/2003', '2003-10-30', '427-452-25-41', 'gotówka'),
('F383/2003', '2003-10-31', '225-59-28-622', 'gotówka'),
('F384/2003', '2003-11-01', '551-79-69-675', 'przelew'),
('F385/2003', '2003-11-02', '177-48-38-830', 'gotówka'),
('F386/2003', '2003-11-05', '411-45-11-770', 'przelew'),
('F388/2003', '2003-11-07', '992-30-94-798', 'przelew'),
('F389/2003', '2003-11-08', '943-25-81-530', 'gotówka'),
('F39/2003', '2003-02-06', '350-411-13-56', 'przelew'),
('F39/2004', '2004-04-06', '105-66-62-746', 'gotówka'),
('F39/2006', '2006-06-05', '919-62-53-499', 'przelew'),
('F39/2007', '2007-06-11', '597-15-86-917', 'gotówka'),
('F39/2008', '2008-05-22', '224-729-37-96', 'przelew'),
('F390/2003', '2003-11-09', '120-26-96-699', 'przelew'),
('F391/2003', '2003-11-10', '958-83-24-712', 'gotówka'),
('F392/2003', '2003-11-11', '671-67-89-961', 'przelew'),
('F393/2003', '2003-11-11', '346-22-81-563', 'przelew'),
('F394/2003', '2003-11-11', '755-77-26-741', 'gotówka'),
('F395/2003', '2003-11-11', '188-566-75-57', 'przelew'),
('F396/2003', '2003-11-12', '223-971-29-20', 'gotówka'),
('F397/2003', '2003-11-12', '509-59-60-183', 'przelew'),
('F398/2003', '2003-11-13', '417-86-41-921', 'gotówka'),
('F399/2003', '2003-11-16', '327-44-90-424', 'gotówka'),
('F4/2003', '2003-01-03', '506-352-77-59', 'przelew'),
('F4/2004', '2004-01-04', '265-26-45-391', 'przelew'),
('F4/2006', '2006-01-08', '726-90-90-149', 'gotówka'),
('F4/2007', '2007-01-06', '971-191-86-96', 'przelew'),
('F4/2008', '2008-01-03', '390-89-94-439', 'gotówka'),
('F40/2003', '2003-02-08', '322-596-77-22', 'gotówka'),
('F40/2004', '2004-04-06', '503-46-53-753', 'przelew'),
('F40/2006', '2006-06-05', '535-62-18-140', 'gotówka'),
('F40/2007', '2007-06-11', '971-191-86-96', 'przelew'),
('F40/2008', '2008-05-26', '313-50-10-80', 'przelew'),
('F400/2003', '2003-11-17', '915-55-22-128', 'gotówka'),
('F401/2003', '2003-11-19', '498-65-16-857', 'przelew'),
('F402/2003', '2003-11-19', '127-70-37-360', 'przelew'),
('F403/2003', '2003-11-20', '881-300-13-40', 'gotówka'),
('F404/2003', '2003-11-24', '261-53-42-196', 'przelew'),
('F405/2003', '2003-11-24', '630-913-79-73', 'przelew'),
('F406/2003', '2003-11-25', '142-70-85-584', 'przelew'),
('F407/2003', '2003-11-26', '120-26-96-699', 'przelew'),
('F408/2003', '2003-11-26', '330-16-60-521', 'gotówka'),
('F409/2003', '2003-11-27', '288-304-80-16', 'gotówka'),
('F41/2003', '2003-02-08', '834-858-93-61', 'przelew'),
('F41/2004', '2004-04-06', '285-680-95-24', 'gotówka'),
('F41/2006', '2006-06-06', '919-62-53-499', 'przelew'),
('F41/2007', '2007-06-14', '157-54-44-240', 'gotówka'),
('F41/2008', '2008-05-29', '853-150-32-25', 'gotówka'),
('F411/2003', '2003-11-28', '514-51-81-559', 'przelew'),
('F412/2003', '2003-11-29', '242-72-37-56', 'przelew'),
('F413/2003', '2003-12-01', '135-14-42-479', 'przelew'),
('F414/2003', '2003-12-02', '549-70-13-857', 'przelew'),
('F415/2003', '2003-12-03', '386-54-34-721', 'gotówka'),
('F416/2003', '2003-12-05', '757-95-52-655', 'przelew'),
('F417/2003', '2003-12-06', '586-86-39-947', 'karta'),
('F418/2003', '2003-12-06', '648-853-23-76', 'przelew'),
('F419/2003', '2003-12-07', '434-58-14-833', 'gotówka'),
('F42/2003', '2003-02-08', '132-13-60-25', 'gotówka'),
('F42/2004', '2004-04-07', '133-36-67-216', 'gotówka'),
('F42/2006', '2006-06-19', '160-30-89-756', 'przelew'),
('F42/2007', '2007-06-15', '165-21-46-695', 'przelew'),
('F42/2008', '2008-05-31', '204-49-71-579', 'przelew'),
('F420/2003', '2003-12-08', '857-237-94-80', 'przelew'),
('F421/2003', '2003-12-09', '727-56-69-893', 'przelew'),
('F422/2003', '2003-12-10', '490-119-84-46', 'gotówka'),
('F423/2003', '2003-12-12', '382-81-14-576', 'przelew'),
('F424/2003', '2003-12-15', '682-511-12-43', 'gotówka'),
('F425/2003', '2003-12-15', '523-866-85-50', 'przelew'),
('F426/2003', '2003-12-16', '872-78-16-590', 'przelew'),
('F427/2003', '2003-12-17', '164-751-93-73', 'przelew'),
('F428/2003', '2003-12-17', '160-30-89-756', 'przelew'),
('F429/2003', '2003-12-20', '167-35-52-503', 'gotówka'),
('F43/2003', '2003-02-08', '284-52-16-114', 'gotówka'),
('F43/2004', '2004-04-07', '907-560-96-52', 'przelew'),
('F43/2006', '2006-06-20', '401-727-86-88', 'przelew'),
('F43/2007', '2007-06-17', '916-671-60-90', 'przelew'),
('F43/2008', '2008-06-01', '135-14-42-479', 'przelew'),
('F430/2003', '2003-12-20', '227-642-90-35', 'gotówka'),
('F431/2003', '2003-12-21', '805-597-95-59', 'przelew'),
('F432/2003', '2003-12-22', '156-391-75-44', 'gotówka'),
('F433/2003', '2003-12-22', '942-801-83-85', 'przelew'),
('F434/2003', '2003-12-25', '120-18-53-648', 'gotówka'),
('F435/2003', '2003-12-26', '136-814-48-18', 'gotówka'),
('F436/2003', '2003-12-27', '124-78-84-876', 'przelew'),
('F437/2003', '2003-12-27', '116-89-46-574', 'przelew'),
('F438/2003', '2003-12-27', '132-37-76-918', 'gotówka'),
('F439/2003', '2003-12-27', '104-53-81-810', 'gotówka'),
('F44/2003', '2003-02-13', '325-743-37-14', 'gotówka'),
('F44/2004', '2004-04-07', '110-47-58-413', 'gotówka'),
('F44/2006', '2006-06-23', '631-39-58-879', 'przelew'),
('F44/2007', '2007-06-17', '360-94-75-375', 'przelew'),
('F440/2003', '2003-12-29', '470-96-47-281', 'przelew'),
('F441/2003', '2003-12-29', '244-796-72-66', 'przelew'),
('F442/2003', '2003-12-30', '132-13-60-25', 'gotówka'),
('F443/2003', '2003-12-30', '847-99-62-520', 'gotówka'),
('F444/2003', '2003-12-31', '102-11-44-660', 'przelew'),
('F445/2003', '2003-12-31', '214-935-67-11', 'gotówka'),
('F45/2003', '2003-02-14', '124-78-84-876', 'przelew'),
('F45/2004', '2004-04-09', '847-63-44-556', 'przelew'),
('F45/2006', '2006-06-29', '728-448-43-23', 'gotówka'),
('F45/2007', '2007-06-21', '236-75-15-866', 'przelew'),
('F45/2008', '2008-06-13', '102-11-44-660', 'przelew'),
('F46/2003', '2003-02-18', '986-57-28-940', 'gotówka'),
('F46/2004', '2004-04-10', '922-23-67-968', 'przelew'),
('F46/2006', '2006-07-02', '463-653-79-54', 'przelew'),
('F46/2007', '2007-06-22', '131-97-18-522', 'gotówka'),
('F46/2008', '2008-06-16', '267-19-29-90', 'przelew'),
('F47/2003', '2003-02-18', '136-21-71-375', 'przelew'),
('F47/2004', '2004-04-13', '284-83-72-836', 'gotówka'),
('F47/2006', '2006-07-07', '162-89-51-297', 'przelew'),
('F47/2007', '2007-06-24', '907-560-96-52', 'przelew'),
('F47/2008', '2008-06-17', '436-56-22-401', 'gotówka'),
('F48/2003', '2003-02-19', '135-14-42-479', 'przelew'),
('F48/2004', '2004-04-16', '612-99-63-636', 'gotówka'),
('F48/2006', '2006-07-12', '344-341-43-33', 'gotówka'),
('F48/2007', '2007-06-26', '539-19-92-874', 'przelew'),
('F48/2008', '2008-06-18', '108-32-87-77', 'przelew'),
('F49/2003', '2003-02-19', '383-95-45-944', 'gotówka'),
('F49/2004', '2004-04-17', '956-267-13-70', 'przelew'),
('F49/2006', '2006-07-13', '635-683-29-65', 'przelew'),
('F49/2007', '2007-07-02', '436-767-98-17', 'gotówka'),
('F49/2008', '2008-06-22', '277-745-33-18', 'gotówka'),
('F5/2003', '2003-01-03', '401-727-86-88', 'przelew'),
('F5/2004', '2004-01-05', '878-85-22-561', 'przelew'),
('F5/2006', '2006-01-18', '334-724-76-88', 'przelew'),
('F5/2007', '2007-01-09', '120-18-53-648', 'gotówka'),
('F5/2008', '2008-01-08', '105-66-62-746', 'gotówka'),
('F50/2003', '2003-02-19', '334-39-63-898', 'przelew'),
('F50/2004', '2004-04-18', '943-25-81-530', 'gotówka'),
('F50/2006', '2006-07-14', '139-699-19-34', 'gotówka'),
('F50/2007', '2007-07-09', '345-20-85-42', 'gotówka'),
('F50/2008', '2008-06-24', '421-48-56-729', 'gotówka'),
('F51/2003', '2003-02-20', '245-289-70-27', 'gotówka'),
('F51/2004', '2004-04-23', '925-96-33-430', 'gotówka'),
('F51/2006', '2006-07-19', '611-547-16-58', 'przelew'),
('F51/2007', '2007-07-13', '108-32-87-77', 'przelew'),
('F51/2008', '2008-06-29', '357-886-11-32', 'gotówka'),
('F52/2003', '2003-02-21', '503-889-46-41', 'gotówka'),
('F52/2004', '2004-04-25', '503-46-53-753', 'przelew'),
('F52/2006', '2006-07-20', '806-31-33-323', 'gotówka'),
('F52/2007', '2007-07-16', '112-186-78-65', 'przelew'),
('F52/2008', '2008-07-05', '282-25-86-749', 'gotówka'),
('F53/2003', '2003-02-21', '106-91-36-414', 'gotówka'),
('F53/2004', '2004-04-27', '378-17-86-196', 'przelew'),
('F53/2006', '2006-08-01', '101-294-43-23', 'gotówka'),
('F53/2007', '2007-07-16', '662-199-47-63', 'przelew'),
('F53/2008', '2008-07-07', '116-716-84-16', 'gotówka'),
('F54/2003', '2003-02-24', '691-565-81-46', 'gotówka'),
('F54/2004', '2004-04-27', '402-44-84-695', 'przelew'),
('F54/2006', '2006-08-03', '188-566-75-57', 'przelew'),
('F54/2007', '2007-07-19', '133-36-67-216', 'gotówka'),
('F54/2008', '2008-07-15', '305-50-40-752', 'przelew'),
('F55/2003', '2003-02-24', '334-39-63-898', 'przelew'),
('F55/2004', '2004-04-29', '263-97-40-852', 'przelew'),
('F55/2006', '2006-08-05', '206-97-92-247', 'gotówka'),
('F55/2007', '2007-07-19', '116-716-84-16', 'gotówka'),
('F55/2008', '2008-07-16', '821-516-13-11', 'gotówka'),
('F56/2003', '2003-02-24', '108-32-87-77', 'przelew'),
('F56/2004', '2004-04-30', '172-527-39-68', 'przelew'),
('F56/2006', '2006-08-09', '101-294-43-23', 'gotówka'),
('F56/2007', '2007-07-21', '879-34-78-513', 'gotówka'),
('F56/2008', '2008-07-22', '779-690-32-37', 'gotówka'),
('F57/2003', '2003-02-25', '879-34-78-513', 'gotówka'),
('F57/2004', '2004-05-05', '123-51-32-945', 'gotówka'),
('F57/2006', '2006-08-13', '116-716-84-16', 'gotówka'),
('F57/2007', '2007-07-23', '765-587-44-49', 'gotówka'),
('F57/2008', '2008-07-23', '132-13-60-25', 'gotówka'),
('F58/2003', '2003-02-25', '682-715-49-15', 'gotówka'),
('F58/2004', '2004-05-08', '816-386-55-20', 'gotówka'),
('F58/2006', '2006-08-20', '120-18-53-648', 'gotówka'),
('F58/2007', '2007-07-24', '417-86-41-921', 'gotówka'),
('F58/2008', '2008-07-25', '155-620-95-67', 'przelew'),
('F59/2003', '2003-02-25', '329-55-22-320', 'gotówka'),
('F59/2004', '2004-05-14', '942-801-83-85', 'przelew'),
('F59/2006', '2006-08-21', '285-680-95-24', 'gotówka'),
('F59/2007', '2007-07-26', '763-10-91-775', 'przelew'),
('F59/2008', '2008-08-01', '279-344-21-55', 'przelew'),
('F6/2003', '2003-01-05', '428-931-31-98', 'przelew'),
('F6/2004', '2004-01-08', '861-35-25-135', 'gotówka'),
('F6/2006', '2006-01-20', '383-133-64-81', 'przelew'),
('F6/2007', '2007-01-12', '104-53-81-810', 'gotówka'),
('F6/2008', '2008-01-08', '132-37-76-918', 'gotówka'),
('F60/2003', '2003-02-28', '636-65-80-909', 'gotówka'),
('F60/2004', '2004-05-17', '859-330-89-87', 'przelew'),
('F60/2006', '2006-08-22', '198-282-95-23', 'gotówka'),
('F60/2007', '2007-07-27', '157-54-44-240', 'gotówka'),
('F60/2008', '2008-08-06', '241-48-14-458', 'przelew'),
('F61/2003', '2003-02-28', '245-913-40-78', 'przelew'),
('F61/2004', '2004-05-18', '270-48-76-3', 'gotówka'),
('F61/2006', '2006-08-26', '417-583-84-66', 'przelew'),
('F61/2007', '2007-08-07', '105-66-62-746', 'gotówka'),
('F61/2008', '2008-08-09', '124-78-84-876', 'przelew'),
('F62/2003', '2003-02-28', '223-971-29-20', 'gotówka'),
('F62/2004', '2004-05-19', '471-60-22-122', 'gotówka'),
('F62/2006', '2006-08-29', '280-32-86-183', 'przelew'),
('F62/2007', '2007-08-09', '865-196-19-66', 'przelew'),
('F62/2008', '2008-08-13', '910-285-26-81', 'przelew'),
('F63/2003', '2003-03-01', '279-344-21-55', 'przelew'),
('F63/2004', '2004-05-24', '663-99-23-21', 'gotówka'),
('F63/2006', '2006-09-04', '112-186-78-65', 'przelew'),
('F63/2007', '2007-08-12', '193-586-71-54', 'przelew'),
('F63/2008', '2008-08-17', '198-282-95-23', 'gotówka'),
('F64/2003', '2003-03-01', '224-729-37-96', 'przelew'),
('F64/2004', '2004-05-26', '370-97-88-613', 'gotówka'),
('F64/2006', '2006-09-05', '149-18-22-501', 'gotówka'),
('F64/2007', '2007-08-16', '799-592-51-41', 'gotówka'),
('F64/2008', '2008-08-19', '116-89-46-574', 'przelew'),
('F65/2003', '2003-03-01', '402-44-84-695', 'przelew'),
('F65/2004', '2004-05-27', '837-85-52-126', 'gotówka'),
('F65/2006', '2006-09-05', '300-61-89-687', 'przelew'),
('F65/2007', '2007-09-02', '503-30-76-816', 'gotówka'),
('F65/2008', '2008-08-21', '643-90-15-708', 'gotówka'),
('F66/2003', '2003-03-01', '414-441-57-34', 'gotówka'),
('F66/2004', '2004-06-04', '523-829-84-96', 'przelew'),
('F66/2006', '2006-09-09', '701-85-33-750', 'przelew'),
('F66/2007', '2007-09-12', '686-42-91-973', 'przelew'),
('F66/2008', '2008-08-25', '902-609-57-65', 'przelew'),
('F67/2003', '2003-03-01', '791-37-26-246', 'gotówka'),
('F67/2004', '2004-06-09', '988-148-27-51', 'przelew'),
('F67/2006', '2006-09-10', '340-52-55-810', 'gotówka'),
('F67/2007', '2007-09-13', '735-256-60-64', 'przelew'),
('F67/2008', '2008-08-26', '202-71-20-81', 'przelew'),
('F68/2003', '2003-03-01', '174-71-55-206', 'gotówka'),
('F68/2004', '2004-06-09', '244-796-72-66', 'przelew'),
('F68/2006', '2006-09-12', '847-63-44-556', 'przelew'),
('F68/2007', '2007-09-13', '267-815-48-50', 'przelew'),
('F68/2008', '2008-08-29', '449-29-73-22', 'gotówka'),
('F69/2003', '2003-03-03', '534-92-38-606', 'gotówka'),
('F69/2004', '2004-06-10', '577-77-85-300', 'gotówka'),
('F69/2006', '2006-09-13', '112-417-55-14', 'gotówka'),
('F69/2008', '2008-09-04', '266-51-58-4', 'gotówka'),
('F7/2003', '2003-01-07', '938-992-71-88', 'przelew'),
('F7/2004', '2004-01-13', '284-83-72-836', 'gotówka'),
('F7/2006', '2006-01-23', '116-79-49-979', 'przelew'),
('F7/2007', '2007-01-21', '239-870-13-27', 'gotówka'),
('F7/2008', '2008-01-13', '575-116-24-64', 'przelew'),
('F70/2003', '2003-03-03', '120-18-53-648', 'gotówka'),
('F70/2004', '2004-06-10', '322-596-77-22', 'gotówka'),
('F70/2006', '2006-09-28', '600-692-47-33', 'gotówka'),
('F70/2007', '2007-09-16', '131-97-18-522', 'gotówka'),
('F70/2008', '2008-09-06', '135-14-42-479', 'przelew'),
('F71/2003', '2003-03-03', '120-26-96-699', 'przelew'),
('F71/2004', '2004-06-16', '357-27-55-641', 'gotówka'),
('F71/2006', '2006-09-28', '414-441-57-34', 'gotówka'),
('F71/2007', '2007-09-19', '173-230-85-72', 'przelew'),
('F71/2008', '2008-09-08', '906-13-61-618', 'gotówka'),
('F72/2003', '2003-03-03', '735-56-46-29', 'gotówka'),
('F72/2004', '2004-06-18', '988-533-44-32', 'gotówka'),
('F72/2006', '2006-09-28', '986-44-32-656', 'przelew'),
('F72/2007', '2007-09-19', '879-69-47-936', 'gotówka'),
('F72/2008', '2008-09-11', '100-623-59-22', 'gotówka'),
('F73/2003', '2003-03-04', '559-817-32-88', 'przelew'),
('F73/2004', '2004-06-18', '303-62-40-153', 'przelew'),
('F73/2006', '2006-09-30', '120-56-32-323', 'gotówka'),
('F73/2007', '2007-09-20', '354-458-61-58', 'przelew'),
('F73/2008', '2008-09-11', '325-743-37-14', 'gotówka'),
('F74/2003', '2003-03-05', '767-16-29-632', 'gotówka'),
('F74/2004', '2004-06-19', '602-43-48-726', 'gotówka'),
('F74/2006', '2006-10-05', '914-743-73-97', 'przelew'),
('F74/2007', '2007-09-27', '655-64-56-380', 'przelew'),
('F74/2008', '2008-09-14', '783-26-30-148', 'gotówka'),
('F75/2003', '2003-03-07', '417-958-25-96', 'przelew'),
('F75/2004', '2004-06-19', '931-53-21-499', 'przelew'),
('F75/2006', '2006-10-08', '350-411-13-56', 'przelew'),
('F75/2007', '2007-10-02', '288-97-14-395', 'przelew'),
('F75/2008', '2008-10-02', '936-883-57-69', 'przelew'),
('F76/2003', '2003-03-08', '927-580-55-47', 'gotówka'),
('F76/2004', '2004-06-27', '288-97-14-395', 'przelew'),
('F76/2006', '2006-10-13', '695-731-44-92', 'przelew'),
('F76/2007', '2007-10-11', '112-186-78-65', 'przelew'),
('F76/2008', '2008-10-06', '721-24-27-133', 'gotówka'),
('F77/2003', '2003-03-08', '474-10-31-251', 'przelew'),
('F77/2004', '2004-06-28', '241-48-14-458', 'przelew'),
('F77/2006', '2006-10-15', '651-94-67-637', 'gotówka'),
('F77/2007', '2007-10-18', '927-580-55-47', 'gotówka'),
('F77/2008', '2008-10-12', '105-66-62-746', 'gotówka'),
('F78/2003', '2003-03-08', '475-386-10-54', 'przelew'),
('F78/2004', '2004-06-29', '215-225-84-26', 'gotówka'),
('F78/2006', '2006-10-16', '520-21-69-329', 'gotówka'),
('F78/2007', '2007-10-21', '107-98-59-470', 'przelew'),
('F78/2008', '2008-10-17', '837-85-52-126', 'gotówka'),
('F79/2003', '2003-03-09', '628-290-24-61', 'przelew'),
('F79/2004', '2004-06-30', '599-425-80-83', 'przelew'),
('F79/2006', '2006-10-17', '250-31-89-848', 'gotówka'),
('F79/2007', '2007-10-22', '383-95-45-944', 'gotówka'),
('F79/2008', '2008-10-19', '246-15-36-314', 'gotówka'),
('F8/2003', '2003-01-08', '133-32-72-945', 'gotówka'),
('F8/2004', '2004-01-15', '755-878-75-32', 'gotówka'),
('F8/2006', '2006-01-28', '116-79-49-979', 'przelew'),
('F8/2007', '2007-02-04', '851-34-73-44', 'gotówka'),
('F8/2008', '2008-01-15', '386-54-34-721', 'gotówka'),
('F80/2003', '2003-03-09', '438-35-51-506', 'karta'),
('F80/2004', '2004-07-01', '346-22-81-563', 'przelew'),
('F80/2006', '2006-10-17', '411-29-65-886', 'przelew'),
('F80/2007', '2007-10-23', '102-11-44-660', 'przelew'),
('F80/2008', '2008-10-22', '344-341-43-33', 'gotówka'),
('F81/2003', '2003-03-09', '345-20-85-42', 'gotówka'),
('F81/2004', '2004-07-01', '890-68-29-297', 'przelew'),
('F81/2006', '2006-10-20', '347-60-53-501', 'gotówka'),
('F81/2007', '2007-10-24', '305-48-80-242', 'gotówka'),
('F81/2008', '2008-10-22', '695-207-19-75', 'przelew'),
('F82/2004', '2004-07-04', '908-35-44-389', 'przelew'),
('F82/2006', '2006-10-22', '893-34-78-194', 'przelew'),
('F82/2007', '2007-10-31', '248-99-81-759', 'przelew'),
('F82/2008', '2008-11-01', '643-825-39-75', 'przelew'),
('F83/2003', '2003-03-10', '519-554-99-43', 'gotówka'),
('F83/2004', '2004-07-06', '133-32-72-945', 'gotówka'),
('F83/2006', '2006-10-23', '261-53-42-196', 'przelew'),
('F83/2007', '2007-11-03', '123-51-32-945', 'gotówka'),
('F83/2008', '2008-11-03', '670-37-10-589', 'przelew'),
('F84/2003', '2003-03-11', '124-78-84-876', 'przelew'),
('F84/2004', '2004-07-09', '132-37-76-918', 'gotówka'),
('F84/2006', '2006-10-27', '579-39-17-566', 'przelew'),
('F84/2007', '2007-11-03', '252-28-55-576', 'przelew'),
('F84/2008', '2008-11-04', '518-954-46-72', 'przelew'),
('F85/2003', '2003-03-12', '908-30-41-111', 'gotówka'),
('F85/2004', '2004-07-15', '110-47-58-413', 'gotówka'),
('F85/2006', '2006-11-08', '505-33-53-260', 'przelew'),
('F85/2007', '2007-11-12', '794-99-91-816', 'gotówka'),
('F85/2008', '2008-11-06', '263-65-29-302', 'gotówka'),
('F86/2003', '2003-03-12', '980-96-86-307', 'gotówka'),
('F86/2004', '2004-07-16', '411-29-65-886', 'przelew'),
('F86/2006', '2006-11-12', '408-12-52-126', 'gotówka'),
('F86/2007', '2007-11-12', '547-388-43-46', 'gotówka'),
('F86/2008', '2008-11-14', '188-53-90-300', 'gotówka'),
('F87/2003', '2003-03-13', '638-78-29-173', 'przelew'),
('F87/2004', '2004-07-17', '534-33-53-374', 'przelew'),
('F87/2006', '2006-11-14', '188-59-90-773', 'przelew'),
('F87/2007', '2007-11-13', '928-211-21-67', 'przelew'),
('F87/2008', '2008-11-18', '227-642-90-35', 'gotówka'),
('F88/2003', '2003-03-13', '193-15-74-911', 'gotówka'),
('F88/2004', '2004-07-17', '812-468-90-46', 'gotówka'),
('F88/2006', '2006-11-29', '547-50-75-976', 'przelew'),
('F88/2007', '2007-11-14', '580-408-39-86', 'przelew'),
('F88/2008', '2008-11-19', '391-116-20-32', 'gotówka'),
('F89/2003', '2003-03-13', '214-935-67-11', 'gotówka'),
('F89/2004', '2004-07-19', '117-75-80-578', 'przelew'),
('F89/2006', '2006-12-04', '738-18-40-105', 'gotówka'),
('F89/2007', '2007-11-22', '117-75-80-578', 'przelew'),
('F89/2008', '2008-11-27', '116-79-49-979', 'przelew'),
('F9/2003', '2003-01-09', '358-331-24-16', 'karta'),
('F9/2004', '2004-01-17', '915-55-22-128', 'gotówka'),
('F9/2005', '2005-03-20', '841-43-87-39', 'gotówka'),
('F9/2006', '2006-01-29', '183-98-91-82', 'przelew'),
('F9/2008', '2008-01-15', '136-21-71-375', 'przelew'),
('F90/2003', '2003-03-15', '902-609-57-65', 'przelew'),
('F90/2004', '2004-07-26', '242-72-37-56', 'przelew'),
('F90/2006', '2006-12-06', '938-75-90-724', 'gotówka'),
('F90/2007', '2007-11-22', '193-586-71-54', 'przelew'),
('F90/2008', '2008-12-03', '913-36-51-124', 'gotówka'),
('F91/2003', '2003-03-17', '100-623-59-22', 'gotówka'),
('F91/2004', '2004-07-27', '713-703-89-63', 'przelew'),
('F91/2006', '2006-12-06', '334-724-76-88', 'przelew'),
('F91/2007', '2007-12-08', '507-347-32-43', 'gotówka'),
('F91/2008', '2008-12-12', '358-957-43-83', 'przelew'),
('F92/2003', '2003-03-18', '325-743-37-14', 'gotówka'),
('F92/2004', '2004-07-28', '806-44-93-375', 'przelew'),
('F92/2006', '2006-12-09', '250-31-89-848', 'gotówka'),
('F92/2007', '2007-12-10', '768-641-21-21', 'gotówka'),
('F92/2008', '2008-12-12', '579-98-96-614', 'gotówka'),
('F93/2003', '2003-03-18', '542-189-57-61', 'przelew'),
('F93/2004', '2004-07-30', '898-606-61-76', 'przelew'),
('F93/2006', '2006-12-09', '481-90-78-345', 'gotówka'),
('F93/2007', '2007-12-10', '653-45-51-361', 'przelew'),
('F93/2008', '2008-12-13', '963-622-17-75', 'przelew'),
('F94/2003', '2003-03-19', '980-525-85-46', 'gotówka'),
('F94/2004', '2004-07-30', '375-314-34-60', 'przelew'),
('F94/2006', '2006-12-10', '266-34-35-303', 'gotówka'),
('F94/2007', '2007-12-12', '982-162-64-87', 'przelew'),
('F94/2008', '2008-12-14', '605-80-76-624', 'gotówka'),
('F95/2003', '2003-03-19', '354-458-61-58', 'przelew'),
('F95/2004', '2004-08-01', '595-62-39-915', 'gotówka'),
('F95/2006', '2006-12-10', '347-60-53-501', 'gotówka'),
('F95/2007', '2007-12-27', '478-22-55-319', 'gotówka'),
('F95/2008', '2008-12-17', '897-522-30-94', 'przelew'),
('F96/2003', '2003-03-20', '133-36-67-216', 'gotówka'),
('F96/2004', '2004-08-02', '180-27-58-808', 'gotówka'),
('F96/2006', '2006-12-12', '127-70-37-360', 'przelew'),
('F96/2007', '2007-12-27', '100-623-59-22', 'gotówka'),
('F96/2008', '2008-12-19', '890-68-29-297', 'przelew'),
('F97/2003', '2003-03-20', '327-44-90-424', 'gotówka'),
('F97/2004', '2004-08-04', '252-28-55-576', 'przelew'),
('F97/2006', '2006-12-15', '739-980-78-55', 'przelew'),
('F97/2007', '2007-12-30', '986-57-28-940', 'gotówka'),
('F97/2008', '2008-12-24', '928-211-21-67', 'przelew'),
('F98/2003', '2003-03-21', '215-572-28-81', 'przelew'),
('F98/2004', '2004-08-05', '882-26-57-268', 'przelew'),
('F98/2006', '2006-12-15', '263-97-40-852', 'przelew'),
('F98/2008', '2008-12-25', '390-89-94-439', 'gotówka'),
('F99/2003', '2003-03-22', '116-716-84-16', 'gotówka'),
('F99/2004', '2004-08-05', '401-68-78-38', 'gotówka'),
('F99/2006', '2006-12-15', '327-44-90-424', 'gotówka'),
('F99/2008', '2008-12-26', '492-52-71-294', 'przelew');

-- --------------------------------------------------------

--
-- Struktura tabeli dla tabeli `instytucjeAM`
--

CREATE TABLE IF NOT EXISTS `instytucjeAM` (
  `NIP` varchar(13) DEFAULT NULL,
  `nazwa` varchar(200) DEFAULT NULL,
  `regon` varchar(14) NOT NULL DEFAULT '',
  PRIMARY KEY (`regon`),
  KEY `NIP` (`NIP`)
) ENGINE=InnoDB DEFAULT CHARSET=utf8;

--
-- Zrzut danych tabeli `instytucjeAM`
--

INSERT INTO `instytucjeAM` (`NIP`, `nazwa`, `regon`) VALUES
('456-28-47-924', 'CEBEA', '10432-49755800'),
('481-90-78-345', 'Firma COLOR s.c. Andrzej Głównicki, Zygmunt Głównicki', '10687-63696171'),
('561-18-66-646', 'MUZ. LOT. POL.', '10782-27321575'),
('193-15-74-911', 'DELIA', '10848-53396954'),
('503-46-53-753', 'STOKROTKA', '10955-82117684'),
('597-15-86-917', 'ELEKTRO KRAK WACłAW MIGACZ', '11235-74876857'),
('570-44-11-575', 'KSRiR', '11438-62185739'),
('514-51-81-559', 'MG MONIUSZKI', '11513-28199934'),
('132-13-60-25', 'WYNAJEM POMIESZCZEŃ', '11929-94947169'),
('757-95-52-655', 'Firma Usługowa  AIR 24', '12071-8872330'),
('958-83-24-712', 'ERGODESIGN SP. Z O.O.', '12077-58259363'),
('284-52-16-114', 'TOMMARG', '12431-96461700'),
('299-70-82-243', 'P.P.H.U. STALBIGA Paweł Trynka', '12648-7082822'),
('120-26-96-699', 'SM WIDOK', '12924-43674548'),
('108-32-87-77', 'MODOM SP. Z. O.O.', '13410-72573642'),
('647-44-56-459', 'CMMEDALL', '13753-22919236'),
('267-19-29-90', 'SOLD S.A.', '13887-19469284'),
('455-98-48-90', 'PICX', '13890-42388923'),
('735-56-46-29', 'Zakład Aktywno ci Zawodowej Pensjonat Na Wzgórzach', '14063-9180101'),
('549-70-13-857', 'RIVER Sp. z o.o.', '14325-10777623'),
('378-92-95-517', 'MARSPOL GRUPA', '14820-72139995'),
('142-70-85-584', 'SAUBER', '14868-39518291'),
('938-75-90-724', 'ANTOS', '15044-39307272'),
('545-32-97-499', 'ALTIC', '15453-33295686'),
('986-57-28-940', 'BASZTA', '15455-6155460'),
('686-42-91-973', 'MERCATOR POLIGRAFIA S.A.', '15657-30885620'),
('684-65-59-450', 'ROCK SERWIS', '15899-19393269'),
('455-33-73-855', 'MIRAGE', '15916-49565178'),
('329-55-22-320', 'NAPRZÓD', '15996-87176924'),
('455-94-27-688', 'PRESTIGE', '16024-42283194'),
('411-45-11-770', 'SALOS - Salezjańska Organiacja Sportowa', '16199-24205981'),
('535-89-48-399', 'PU POłUDNIE II', '16236-321636'),
('643-90-15-708', 'SYSTEMOCHRONY', '16492-94241815'),
('655-64-56-380', 'PRIMA PARTNER S.C.Krzysztof Soból, Bożena Piekarczyk', '16990-67823790'),
('448-96-58-159', 'KOMENDA CHOR GWI KRAKOWSKIEJ ZHP', '17250-86950608'),
('931-53-21-499', 'ENTER', '17345-26993927'),
('698-10-40-965', 'PIEKCUK', '17641-30535344'),
('417-86-41-921', 'ELEKTROTERMIA Sp. z o.o.', '17674-58656591'),
('266-34-35-303', 'BALER-POL Barbara Kapała', '17794-8042771'),
('980-96-86-307', 'FW ZASADZKI', '18144-3759913'),
('390-89-94-439', 'Prywatny Gabinet Dermatologiczny', '18199-4480775'),
('657-21-69-856', 'Fundacja Instytut Rozwoju Regionalnego', '18492-66640441'),
('152-12-86-206', 'PRBDEKABUD', '18615-63538545'),
('530-54-89-534', 'FPH C BITNER', '18653-94644480'),
('631-39-58-879', 'SONETA SP. Z O.O.', '18746-45958358'),
('252-28-55-576', 'OLIMAR Sp. z o.o.', '18747-16187544'),
('535-62-18-140', 'PHARMA COSMETIC', '18748-23501777'),
('110-47-58-413', 'MR CLEAN Sp. z o.o.', '19095-22488481'),
('534-33-53-374', 'ZLOBEK NR 24', '19097-41674174'),
('726-90-90-149', 'Interaktywne Studio Komputerowe ISK', '19191-36209619'),
('131-97-18-522', 'OPAKOLOR', '19374-97181200'),
('558-73-64-209', 'PTU ELBUD', '19478-20163444'),
('449-29-73-22', 'NEW MEN', '19632-72970375'),
('612-99-63-636', 'PTS GULIVER Sp. z o.o.', '19853-94324587'),
('701-85-33-750', 'JADWIGA NIEMIEC', '19916-90400447'),
('257-65-16-901', 'PPH NEL Sp.j. ZPCHR', '20259-4257295'),
('120-18-53-648', 'ZDROWOSYTNIA Sp. z o. o.', '20486-15755482'),
('695-57-82-987', 'INTERLEX SP. Z O.O.', '20674-17589284'),
('908-30-41-111', 'TWÓJ ATUT', '20685-69269257'),
('651-39-89-665', 'PROMOS', '20830-81454532'),
('638-78-29-173', 'ZESPÓł UZDROWISK KRAKOWSKICH S.A.', '21190-30390409'),
('236-75-15-866', 'Polskie Stowarzyszenie Osób Niepełnos.', '21876-91714714'),
('721-24-27-133', 'KIM GROUP Kuczek i Gaweł Spółka Jawana', '21913-59803880'),
('408-12-52-126', 'Kompleksowa Obsługa Ciepłownictwa i Usług Technicznych (Firma OUTSORCINGOWA)', '22372-21569565'),
('810-10-10-794', 'MIRKOS LTD Export Imp.ort Sp.z o.o.', '22970-1364167'),
('590-14-54-208', 'KALTEX', '23052-10660102'),
('878-85-22-561', 'FUNDACJA HIPOTERAPIA', '23074-33881163'),
('717-74-79-129', 'TOMAR', '23913-86962356'),
('370-97-88-613', 'PRK Kraków SPÓłKA AKCYJNA', '23948-95359449'),
('341-35-25-130', 'AS - SNACKS', '25316-96963873'),
('261-53-42-196', 'KRAKPOL', '25596-57170606'),
('577-77-85-300', 'MERCATOR MEDICAL S.A.', '26017-68485586'),
('160-30-89-756', 'ZIKO', '26138-63680322'),
('806-44-93-375', 'STRAŻNIK', '26211-2983432'),
('808-70-90-270', 'FUNDACJA NOS', '26311-83473671'),
('907-75-48-103', 'Przedsiębiorswo Usługowe SED-HUT', '26351-79870679'),
('347-60-53-501', 'DENTYSTYKA', '26371-16869323'),
('386-54-34-721', 'ELPE ELEKTROPRODUKT', '27332-25468154'),
('875-78-99-257', 'TRANSTAR INTERNATIONAL Sp. z o.o.', '27655-36210599'),
('994-87-35-114', 'ZAWSZE WIERNI 4 łAPY', '27857-38282418'),
('157-54-44-240', 'Firma MiK Maciej Chmurski', '28068-8441935'),
('436-56-22-401', 'LAJKONIK ', '29133-66953131'),
('470-96-47-281', 'FUNDACJA NA RZECZ CHORYCH NA SM', '29369-2225933'),
('411-29-65-886', 'ALTI PLUS S.A.', '30046-96751436'),
('617-33-79-311', 'DRQ', '31074-96951603'),
('738-78-73-243', 'CENTROSTAL', '31119-85467606'),
('847-63-44-556', 'KOBAJ Sp. Z O.O.', '31226-6088733'),
('127-70-37-360', 'ASPEN', '31726-33400837'),
('505-33-53-260', 'OPTIMA Sp. Z O.O.', '31742-16773232'),
('314-72-67-520', 'Studio Urody i Odnowy Biologicznej', '31848-25434186'),
('360-94-75-375', 'PZN OM', '32231-25289865'),
('251-89-93-233', 'SM NOWY PROKOCIM', '32342-75134784'),
('801-62-58-737', 'AKROPOL STEFANIA CHLEBDA', '33113-82218789'),
('666-23-73-878', 'CMP', '34438-30515395'),
('847-99-62-520', 'BYĆ KOBIETˇ ', '34494-68716778'),
('900-53-44-376', 'KPB Sp. z o.o.', '34893-80292102'),
('906-13-61-618', 'MANEX', '34941-98371484'),
('327-44-90-424', 'MUSI', '35462-99658221'),
('650-47-16-437', 'PROFIL A SP. Z O.O.', '35493-35832873'),
('249-52-41-770', 'WIEDZA Wiesław Ziarko', '35771-52545132'),
('813-76-70-187', 'U PANA COGITO Pensjonat i Rest.', '36088-67957879'),
('133-36-67-216', 'DONGFENG', '36176-18709235'),
('257-61-87-625', 'LIZAK', '36439-18589933'),
('106-91-36-414', 'JUSTUS D.W.A. Sp. z o.o.', '36926-46915979'),
('148-68-77-637', 'ZLRPodgórze SC', '37592-38587264'),
('248-99-81-759', 'ALSTAR', '38560-8993504'),
('915-55-22-128', 'MODERNBUD', '39010-20494319'),
('971-13-24-919', 'DEMBOWSKI', '39175-46743273'),
('727-56-69-893', 'ROPS', '39269-36142532'),
('133-32-72-945', 'AUTO CENTRUM W. & M.B.', '39361-23699828'),
('315-18-51-456', 'Spółdzielnia Mieszkaniowa PR DNIK BIAłY-Wschód', '39418-64567219'),
('721-41-12-616', 'MEDIUM Cezary Romanowski', '39499-71694779'),
('539-19-92-874', 'PRACOWNIA CUKIERNICZA JACEK ANTOS', '39529-66750677'),
('116-79-49-979', 'SM PR DNIK CZERWONY', '39799-43827969'),
('303-62-40-153', 'ABC COLOREX SP. Z O.O.', '40231-55478788'),
('270-97-99-138', 'Małopolska Spółdzielnia Socjalna', '40316-27806709'),
('202-71-20-81', 'WOLF Służba Ochrony Ewa Najbar', '40556-64103950'),
('816-16-69-483', 'Fundacja Studentów i Absolwentów AGH', '40849-5482906'),
('471-60-22-122', 'CALAMUS ROTAN Sp. z o.o.', '41287-44765213'),
('986-44-32-656', 'MS SERVICE Sp. z o.o.', '41355-56536637'),
('104-53-81-810', 'OLIMAR Sp. jawna', '41595-12369551'),
('509-59-60-183', 'PROFUS', '41787-57255391'),
('289-61-65-219', 'EUROPACK S.A.', '41850-35815404'),
('402-44-84-695', 'KRAWAL SPÓłKA Z O.O.  30-415', '41888-90230479'),
('246-15-36-314', 'MOTO - SKODA', '42413-62270120'),
('180-27-58-808', 'Niepubliczny ZOZ KOZłÓWEK Sp. z o.o.', '42657-60141357'),
('421-48-56-729', 'F.P.K.H.', '42861-67241189'),
('884-92-11-707', 'B&S GSM', '43139-68542663'),
('924-80-73-639', 'KFS Sp. z o.o.', '43540-37665384'),
('763-81-98-944', 'KRAK DOOR Sp. z o.o.', '43668-60474894'),
('305-48-80-242', 'GAL-SKÓR Sp. z o.o.', '43946-5776245'),
('503-30-76-816', 'AGENCJA HANDISOFT', '44286-27511201'),
('725-34-76-81', 'F.H.U. AUTO - CENTER', '44398-35478966'),
('390-36-11-472', 'POKÓJ', '44611-49387955'),
('179-72-59-672', 'PARK WODNY', '45022-93551165'),
('831-27-91-21', 'Zakład Piekarniczy ZłOTY CHLEB s.c.', '45448-35130582'),
('304-95-25-513', 'GAMBUD S.A.', '45549-29797750'),
('566-11-70-396', 'FHFRAJDA2', '45616-28368838'),
('241-48-14-458', 'Fundacja FINESTRA', '45942-50284904'),
('227-13-93-61', 'ANNCO', '46512-24488815'),
('280-32-86-183', 'NETBROKERS Sp. z o.o. 31-946', '47437-12105881'),
('534-92-38-606', 'WIK Wieczorek i Kozłowski Spółka J.', '47490-27329530'),
('729-82-67-206', 'FUNDACJA Akademii Ekonomicznej w Krakowie', '47587-72846331'),
('188-59-90-773', 'BOSMAN Sp. z o.o.', '47813-74444642'),
('613-35-86-945', 'ROMACO', '47854-90772492'),
('566-48-35-613', 'FUNDACJA DZ. NIEWIDOM.Kraków', '47917-13811287'),
('435-30-38-198', 'WOSANA II', '48120-16958617'),
('671-67-89-961', 'WOSANA S.A.', '48280-66443968'),
('164-19-83-868', 'PERFE SP. Z O.O.', '48972-79291510'),
('724-36-50-440', 'HOKO s.c.', '49193-76851192'),
('116-89-46-574', 'PAPIRUS', '49534-65969150'),
('382-81-14-576', 'MAKROTECH S.A.', '49793-69546262'),
('164-12-91-857', 'CENTRUM', '50029-11276647'),
('841-43-87-39', 'INPLUS', '50132-21124152'),
('357-27-55-641', 'Fundacja Wspólnota Nadziei', '50710-68894736'),
('673-72-59-419', 'ZPG BONO Sp.J.', '50755-36252205'),
('738-24-61-248', 'HURTOWNIA FARMACEUTYCZNA ALMED', '50865-73126863'),
('917-93-55-122', 'ALUS', '50882-487535'),
('899-24-25-245', 'PSI', '51116-60173222'),
('882-26-57-268', 'RCK i K', '51131-65444657'),
('732-92-95-132', 'FUNDACJA JASTRZˇB', '51191-61744927'),
('613-47-51-827', 'M-PLUS S.C. B.Czernek, M. Kara', '51479-41720450'),
('994-75-48-602', 'Stow.na Rzecz Rozw.Psychiatri i O. r.', '52066-33105976'),
('380-87-35-256', 'FIRMA MP GUMEX', '52186-93284131'),
('761-65-61-73', 'K K Reklama Poligrafia Grzegorz Kamiński', '52672-89232438'),
('167-35-52-503', 'FHU PODHALANIN Teresa Kiełpińska, Daria Kiełpińska', '52880-62136244'),
('382-91-49-911', 'DOM K ORKOWY', '52930-41388834'),
('755-54-58-44', 'Fundacja Samorządu Studentów Politechniki Krakowskiej', '52982-52636943'),
('653-92-51-259', 'SANEL', '53074-64383644'),
('536-54-65-580', 'SM BUDYNKI ROZPROSZONE', '53176-44142353'),
('383-95-45-944', 'PO¦REDNICTWO FINANSOWE Danuta Kozakiewicz', '53871-30727429'),
('663-99-23-21', 'MATECZNY ZDRÓJ SP. Z O.O.', '54125-68200572'),
('483-59-39-384', 'ASTRA', '54246-62953305'),
('165-21-46-695', 'TAURUS BIS', '54512-40989313'),
('174-71-55-206', 'E.L.TOURS J.Guzera', '54635-730841'),
('401-68-78-38', 'WINYL', '54743-51110754'),
('579-39-17-566', 'M-LINE COLLECTION', '54852-70893951'),
('370-76-84-470', 'PRIMAR-B Sp.j.', '54939-62656915'),
('490-63-17-257', 'TANDETA Sp. z o.o.', '55157-67226325'),
('135-14-42-479', 'DACCAREWA', '55493-3689156'),
('763-10-91-775', 'HURT ART MOT FR STACHURA Sp. z o.o.', '56213-30442190'),
('102-11-44-660', 'GFT', '56379-93291792'),
('898-26-90-745', 'DANAX', '57667-25617889'),
('878-54-69-780', 'CERMET', '57731-68279800'),
('672-67-78-792', 'TRUD', '57876-28820211'),
('136-21-71-375', 'RZ SA i SZEWCZYK s.c.', '57914-70559778'),
('800-80-92-818', 'WISłA', '58289-8816468'),
('651-94-67-637', 'Laboratorium COGITO Sp. z o.o.', '58662-59365398'),
('913-36-51-124', 'CM PROKOCIM NOWY', '59396-68779176'),
('842-67-85-100', 'ELECTRAAZELEWSKI', '59464-22855219'),
('188-53-90-300', 'ARVEX', '60238-36805408'),
('149-18-22-501', 'ALTERKOM Sp. z o.o.', '60319-76631769'),
('890-68-29-297', 'Radca Prawny Agnieszka Kubacka', '60416-52478358'),
('447-16-28-88', 'KONSERWATORIUM KRAKOWSKIE', '60545-43300219'),
('879-34-78-513', 'P.H.U. MEGA - MASTER SP. J.', '60961-54965455'),
('677-15-70-294', 'SAGITTA', '61859-73519897'),
('723-58-54-348', 'MER', '62163-57531442'),
('263-97-40-852', 'CEMBET', '62317-54868192'),
('346-22-81-563', 'NZOZ KCTU', '62891-41361547'),
('694-59-95-431', 'SM JUTRZENKA', '63248-30183463'),
('794-99-91-816', 'F.P.H. ROMSTAN Sp. j.', '63380-50532143'),
('853-91-84-957', 'OMEKO', '63497-96194544'),
('225-59-28-622', 'ZUS SIGMA', '64048-80397227'),
('183-98-91-82', 'Fundacja PROIDEA', '65181-69578506'),
('738-18-40-105', 'ZAMAK', '65756-28806437'),
('284-83-72-836', 'Firma Handlowa MARK 3', '66024-36312120'),
('304-78-68-914', 'CHAłUPNIK', '66524-69443755'),
('861-35-25-135', 'FHU MICA ADAM SZAREK', '66875-69311585'),
('595-62-39-915', 'F.H.U. MARTA', '66984-93165571'),
('925-96-33-430', 'LEADER PACK ', '67168-8514458'),
('120-56-32-323', 'LETTRA GRAPHIC', '67252-26645836'),
('317-89-45-89', 'NIEPUBLICZNY ZAKłAD OPIEKI ZDROWOTNEJ O¦RODEK REUMATOLOGICZNO - REHABILITACYJNY SP. Z O.O.', '67254-47428301'),
('893-34-78-194', 'Fundacja LEONARDO', '67566-14621284'),
('791-37-26-246', 'Lokatorska Sp.Mieszkaniowa LSM', '68379-65182595'),
('313-50-10-80', 'ARKONA Sp. z o.o.', '68762-54553689'),
('247-29-87-766', 'BUTTERFLY', '68835-40976175'),
('551-79-69-675', 'Zakład Eksploatacji Budynków-Awaryjne Pogotowie Techniczne KRAKOPOL', '69184-7840933'),
('512-99-92-161', 'SCLDiM SP. Z O.O.', '69619-68309629'),
('872-78-16-590', 'ATOL', '69771-82487649'),
('140-98-29-674', 'TLK MED. Spółka z o.o.', '69898-78231355'),
('755-77-26-741', 'BORYS', '70039-88597159'),
('474-10-31-251', 'ITEMS POLSKA Sp. z o.o.', '70068-60821960'),
('540-69-56-948', 'VENTURE PLUS MAREK SZUSTER', '70851-85665424'),
('879-69-47-936', 'BALMARQ Jadwiga Bieda', '70918-29933485'),
('177-48-38-830', 'PBMH Kraków', '71116-39973743'),
('610-62-55-609', 'SAWAN', '71367-64809755'),
('123-51-32-945', 'TEX-HURT SP. ZO.O.', '71527-33282339'),
('908-35-44-389', 'LEWIL - IGLOKRAK', '71979-35242607'),
('738-75-80-483', 'DRUKARNIA GRAF KARTON', '72146-13616240'),
('989-92-13-172', 'CYNTIA Sp. z o.o.', '72390-83125343'),
('195-99-68-907', 'THL', '72392-20457336'),
('206-97-92-247', 'FORTE', '72716-75152607'),
('107-98-59-470', 'Klub Sportowy KORONA', '73117-37158197'),
('715-43-53-996', 'KZSO Sp. z o.o.', '74261-74703847'),
('520-21-69-329', 'XLV OKR G KOMINIARSKI', '74265-72757748'),
('368-93-63-145', 'S.I. RELAX', '74285-89178969'),
('175-55-64-665', 'MULTIPRESS', '74533-53673329'),
('798-60-30-173', 'SI HUTNIK', '74616-48910276'),
('767-16-29-632', 'JUSTUS Sp. z o.o.', '74685-18978634'),
('378-17-86-196', 'P.H.U. KARPA JANUSZ JEZIOR', '74837-58615406'),
('324-60-86-672', 'ZRBJKIDA', '74928-61508134'),
('434-58-14-833', 'TAURUS Meble Biurowe i Hotelowe', '75299-57870515'),
('561-86-43-994', 'NSZZ SOLIDARNO¦C Zarząd Regionu Małopolska', '76614-83763395'),
('637-93-85-736', 'ELEKTRO KRAK Sp. z o.o.', '77718-45860288'),
('585-88-54-415', 'LANGSTEINER', '77778-16113782'),
('963-84-81-592', 'ALTI Sp.j. L. GIBAŁA', '77932-75539250'),
('477-56-12-226', 'PRIVATE MEMBER SP. Z O.O.', '78218-28295157'),
('248-95-99-151', 'MULTISERVICE SP. Z O.O. Z.P.CH.', '78334-71943532'),
('288-97-14-395', 'IBISI', '78359-23480144'),
('579-98-96-614', 'WIESłAW SZTABA', '79954-47517263'),
('498-65-16-857', 'RAMELBUD', '80018-95906911'),
('743-33-89-393', 'ANKORP', '80577-64917932'),
('602-43-48-726', 'MIRACULUM S.A.', '80713-14921571'),
('492-52-71-294', 'F.H.U. PRINT', '81221-676669'),
('533-18-65-721', 'ALKOM Nosal, Nowak S.J', '81421-26229292'),
('840-30-88-22', 'DABI Sp. j.', '81552-59840128'),
('303-15-12-641', 'WISPOL', '82059-72812299'),
('636-65-80-909', 'MULTIPROJEKT Góral El bieta', '82325-99903400'),
('791-96-23-410', 'LUX AUTO CENTRUM', '82778-50987108'),
('678-57-56-134', 'TAL-SERWIS Augustyn Myszka', '83151-69654288'),
('143-86-54-960', 'Przedsiębiorstwo Wielobranżowe Iwona Szewczyk', '83948-782630'),
('992-30-94-798', 'PHT SUPON-Kraków Sp. z o.o.', '84145-27417865'),
('117-75-80-578', 'AGENCJA OCHRONY KONWÓJ', '84242-91955991'),
('813-25-86-759', 'EKO-PAK Spółka Jawna', '84334-80331919'),
('783-26-30-148', 'PROSOFT Sp. z o.o.', '84419-34515812'),
('340-52-55-810', 'MICROS Sp. j.', '84636-45388547'),
('837-85-52-126', 'ACCO Sp. z o.o.', '84823-64641313'),
('806-31-33-323', 'FPH TWA', '84979-54457446'),
('586-86-39-947', 'MHSI', '85069-28456578'),
('952-58-45-358', 'BAUSTAL', '85217-95617758'),
('545-89-53-917', 'ESI NOWA HUTA', '85338-53594298'),
('250-31-89-848', 'Studio Filmów Animowanych S.A.', '85479-38322924'),
('265-26-45-391', 'IGLOKRAK', '86045-74484371'),
('162-89-51-297', 'POLAMO', '86126-91474670'),
('263-65-29-302', 'FHU SOLID MAKER L', '86718-21322478'),
('728-80-66-224', 'ARTES', '86959-95981471'),
('761-98-55-896', 'PROORTODENT', '87620-78176326'),
('825-64-55-870', 'FHU HEMAG', '88046-13238275'),
('282-25-86-749', 'Radiotechniczna Spółdzielnia Pracy', '88923-91559832'),
('922-23-67-968', 'FHU ESKULAP, EURO PLUS', '89110-50729160'),
('547-50-75-976', 'LSP', '89215-95843144'),
('438-35-51-506', 'Firma Handlowa Danuta Kremel ', '89454-1234567'),
('851-34-73-44', 'Kancelaria Podatkowa Miłosz Maria Wąsik', '89849-59570750'),
('605-80-76-624', 'S.I. POLIGRAF', '90273-61907143'),
('330-16-60-521', 'Zakład Remontowo Budowlany FF-BUD', '90273-68530574'),
('623-24-40-722', 'STOWARZYSZENIE ZSI', '90571-36388989'),
('704-42-92-277', 'BEATA Beata Zych', '90654-92723473'),
('840-24-26-340', 'ABM', '90967-39698750'),
('670-37-10-589', 'OCHRONA MIENIA', '91173-50617772'),
('621-80-43-873', 'PROMOS PLUS', '91236-53551718'),
('345-20-85-42', 'Biuro Rachunkowe AWOR', '91458-96204956'),
('574-45-93-818', 'GOBEST', '91528-40549934'),
('670-40-71-642', 'KSG', '9184-3554783'),
('457-57-18-481', 'NZOZ VOBIS-VITA', '92060-37461533'),
('919-62-53-499', 'Przeds.Wielobran . RASTER Sp.z o.o.', '92278-25646398'),
('305-50-40-752', 'Firma Prawnicza WÓJCIK I ZłOTNIK  s.c.', '92662-29249957'),
('640-45-16-418', 'Agencja PLUS Teresa Gąsiorowska', '92687-70209436'),
('653-38-18-286', 'GASTROPOL', '92711-29194938'),
('124-78-84-876', 'St.Rodzin ZDROWIE PSYCHICZNE', '93033-51437984'),
('334-39-63-898', 'W.P.P.H.U. HATRON ELECTRONIC', '93618-85735543'),
('943-25-81-530', 'MOPS', '94092-1455574'),
('478-22-55-319', 'P.P.H.U ROBINS', '94148-23369846'),
('266-51-58-4', 'FUNDACJA HAMLET', '94311-25517297'),
('653-45-51-361', 'SUPERKRAK', '94561-31719241'),
('145-79-24-386', 'SM KRAKUS', '95186-82366677'),
('784-70-76-316', 'BIURO RACHUNKOWE KOREKTA BOŻENA KOZIOł', '95476-60873257'),
('270-48-76-3', 'FH EL BIETA CHODOROWSKA', '96034-62892721'),
('204-49-71-579', 'CLEAN F.Usł.Ag.Promocji Biznesu PARTNER 2000', '96815-61886203'),
('105-66-62-746', 'Dach i Strych Sp. z o.o.', '97045-47126993'),
('300-61-89-687', 'ZBKT', '97758-98555232'),
('657-59-93-326', 'ROGKUS-AND Rogozińska', '98216-66342629'),
('479-75-18-679', 'INPRO SP. ZO.O.', '98270-16734949'),
('132-37-76-918', 'NOWE STUDIO Wojciech Nowicki', '98456-13264346'),
('696-86-55-623', 'DERENI', '98953-66204645'),
('670-49-70-632', 'DSI ROBOTNIK', '99184-35504783'),
('374-66-92-739', 'LANEL Robert Głowacki', '99251-24132435'),
('107-83-27-871', 'FUNDACJA WSPÓLNOTY NADZIEI', '99610-54150776'),
('242-72-37-56', 'ALMAR SP. Z O.O.', '99828-88602386');

-- --------------------------------------------------------

--
-- Struktura tabeli dla tabeli `klienciAM`
--

CREATE TABLE IF NOT EXISTS `klienciAM` (
  `NIP` varchar(13) NOT NULL DEFAULT '',
  `adres` varchar(200) DEFAULT NULL,
  `kod` varchar(6) DEFAULT NULL,
  `miasto` varchar(100) DEFAULT NULL,
  `telefon` varchar(13) DEFAULT NULL,
  PRIMARY KEY (`NIP`)
) ENGINE=InnoDB DEFAULT CHARSET=utf8;

--
-- Zrzut danych tabeli `klienciAM`
--

INSERT INTO `klienciAM` (`NIP`, `adres`, `kod`, `miasto`, `telefon`) VALUES
('100-214-42-50', 'ul. Bieżanowska 181', '30-856', 'Łuków', '(68)794-88-64'),
('100-623-59-22', 'ul. Krakusów 1A/43', '51-424', 'Słupsk ', '89 1234567'),
('101-294-43-23', 'ul. Toruńska 14/2A', '76-128', 'Piła ', '(90)939-97-93'),
('102-11-44-660', 'ul. Mrozowa 31 A', '31-752', 'Elbląg', '(94)789-54-64'),
('104-53-81-810', 'ul. Zawiła 65 E', '30-390', 'Nowy Sącz', '(14)436-73-65'),
('105-66-62-746', 'ul. Ko ciuszki 65/48', '30-114', 'Sopot', '(65)913-95-78'),
('106-91-36-414', 'Plac Szczepański 5', '31-011', 'Białystok', '(56)358-26-73'),
('107-83-27-871', 'ul. K rakusów 1 A/43', '30-092', 'Legnica', '(91)405-66-77'),
('107-98-59-470', 'ul.Kalwaryjska 9/15', '30-504', 'Włocławek', '(88)216-76-67'),
('108-32-87-77', 'ul. Królowej Jadwigi 12', '30-202', 'Gdynia', '(63)685-73-37'),
('110-47-58-413', 'Plac Na Stawach 1', '30-107', 'Opole', '(24)282-55-15'),
('112-186-78-65', 'ul. F. Pakszyca-Grudzińskiego 7', '49-204', 'Białobrzegi ', '89 1234567'),
('112-417-55-14', 'ul. Komorowskiego 12', '43-151', 'Borzęcin ', '(31)221-73-34'),
('116-716-84-16', 'ul. Biskupińska 11', '53-645', 'Żagań Miasto ', '(68)355-67-13'),
('116-79-49-979', 'ul. Dobrego Pasterza 67', '31-416', 'Bytom', '(96)920-38-54'),
('116-89-46-574', 'os. Centrum C 1', '31-929', 'Łódź', '(81)273-98-59'),
('117-75-80-578', 'ul. F. Pakszyca-Grudzińskiego 7', '30-215', 'Warszawa', '(50)392-31-28'),
('120-18-53-648', 'ul. Kijowska 14', '30-079', 'Radom', '(77)462-73-14'),
('120-26-96-699', 'ul. Na Błonie 7', '30-147', 'Częstochowa', '(97)371-25-92'),
('120-56-32-323', 'ul. łukasiewicza 14', '31-429', 'Gorzów Wlkp.', '(74)777-46-92'),
('123-51-32-945', 'ul. Adama Vetulaniego 5', '31-226', 'Szczecin', '(41)963-38-83'),
('124-78-84-876', 'ul. Miodowa 9', '31-055', 'Gdańsk', '(59)820-49-26'),
('127-70-37-360', 'ul. Bularnia 5', '31-222', 'Poznań', '(52)687-11-45'),
('131-97-18-522', 'ul. Płk. Dąbka 17', '30-832', 'Radom', '(77)283-38-52'),
('132-13-60-25', 'ul. Pana Tadeusza 4', '30-727', 'Łódź', '(80)932-56-97'),
('132-37-76-918', 'ul. Batorego 14', '31-135', 'Katowice', '89 1234567'),
('133-32-72-945', 'Libertów 466', '30-444', 'Mława', '(93)263-64-44'),
('133-36-67-216', 'ul. Mostowa 4', '31-061', 'Rzeszów', '(22)579-50-92'),
('135-14-42-479', 'ul. Sobieskiego 5/4a', '31-136', 'Łuków', '(69)356-15-22'),
('136-21-71-375', 'ul.Kamieńskiego 41', '30-664', 'Gdańsk', '(60)463-99-34'),
('136-814-48-18', 'Plac Na Stawach 1', '75-110', 'Dęblin Twierdza', '(92)292-18-34'),
('139-516-27-51', 'ul. Zawiła 65 E', '28-896', 'Chełmno', '89 1234567'),
('139-699-19-34', 'ul.Szaniawskiego 29', '61-208', 'Żagań Las', '(16)183-45-79'),
('140-98-29-674', 'ul. Cystersów 16', '31-553', 'Elbląg', '(94)518-97-94'),
('141-477-85-24', 'ul. Sko na 45', '64-554', 'Bydgoszcz', '(96)259-57-25'),
('142-70-85-584', 'ul. Stradomska 13', '31-068', 'Toruń', '(84)736-45-15'),
('143-86-54-960', 'ul. Strzelców 17A/19', '31-422', 'Katowice', '(27)733-82-15'),
('145-79-24-386', 'ul.  wi tokrzyska 12', '30-015', 'Nowy Sącz', '(14)887-22-54'),
('148-68-77-637', 'ul.Szwedzka 27', '30-315', 'Zielona Góra', '(73)269-27-66'),
('149-18-22-501', 'ul Halszki 37/28A', '30-611', 'Zabrze', '(32)706-38-14'),
('152-12-86-206', 'ul. Na Grz dkach 16', '30-421', 'Gdynia', '(63)659-79-30'),
('155-620-95-67', 'Al. Krasińskiego 5/8', '80-314', 'Jelenia Góra ', '(13)287-20-58'),
('156-391-75-44', 'ul. Ksi cia Józefa 54 A', '68-122', 'świnoujście ', '(99)449-83-38'),
('157-54-44-240', 'os. Handlowe 5', '31-935', 'Ostrów Wlkp.', '(45)607-40-65'),
('160-30-89-756', 'ul. Kalwaryjska 17', '30-504', 'Wieluń', '(70)930-54-55'),
('160-748-90-26', 'ul. Strzelców 17A/19', '91-618', 'Warszawa ', '(54)143-32-50'),
('162-89-51-297', 'ul. Żmujdzka 18', '31-217', 'Częstochowa', '(98)933-45-23'),
('164-12-91-857', 'ul. Modrzewiowa 22', '30-224', 'Mława', '(93)734-83-32'),
('164-19-83-868', 'ul. Ksi cia Józefa 54 A', '30-206', 'Warszawa', '(50)723-62-35'),
('164-751-93-73', 'os. Wandy 21', '21-640', 'Raducz', '(46)735-56-89'),
('165-21-46-695', 'ul. Goszczyńskiego 41', '30-724', 'Łódź', '(81)383-10-72'),
('167-35-52-503', 'ul.Szaniawskiego 29', '30-405', 'Warszawa', '(48)340-91-80'),
('172-527-39-68', 'ul. Makuszyńskiego 24', '79-294', 'Nowy Dwór Mazowiecki ', '(69)795-56-58'),
('172-560-13-84', 'ul. Grunwaldzka 24/20', '19-537', 'Stargard Szczeciński ', '(23)134-76-92'),
('173-230-85-72', 'ul. Godlewskiego 38', '79-376', 'Powidz ', '(98)419-62-55'),
('174-71-55-206', 'ul. Miodowa 26', '31-055', 'Katowice', '(26)827-64-87'),
('175-55-64-665', 'ul.  lusarska 8', '30-701', 'Lublin', '89 1234567'),
('177-48-38-830', 'ul. Madalińskiego 11 A', '30-303', 'Wołów', '(76)208-34-43'),
('179-72-59-672', 'ul. Dobrego Pasterza 126', '31-416', 'Łuków', '(68)607-76-73'),
('180-27-58-808', 'ul. Na Kozłówce 29', '33-664', 'Sopot', '(65)446-35-61'),
('183-98-91-82', 'ul.Chopina 13/6', '30-049', 'Opole', '(25)434-15-99'),
('188-53-90-300', 'ul. Makuszyńskiego 4', '30-969', 'Płock', '(47)116-69-68'),
('188-566-75-57', 'ul. Zarosie 40', '32-219', 'Koszalin ', '(70)555-19-76'),
('188-59-90-773', 'os. Centrum D 1', '31-932', 'Warszawa', '(48)171-63-73'),
('193-15-74-911', 'ul. Rzemie lnicza 4 a', '30-363', 'Zabrze', '(33)309-69-62'),
('193-586-71-54', 'ul. Bularnia 5', '84-666', 'Ostrów Wielkopolski ', '(30)147-66-92'),
('195-99-68-907', 'ul. Płk. Dąbka 15', '30-832', 'Mława', '(94)254-54-37'),
('196-353-11-78', 'ul. Wielicka 73', '38-484', 'Stargard Szczeciński ', '(51)494-60-13'),
('198-282-95-23', 'ul. Jagiellońska 2', '51-901', 'Grudziądz', '(38)841-90-74'),
('202-71-20-81', 'ul. Lea 116', '30-133', 'Szczecin', '(43)667-11-18'),
('204-49-71-579', 'ul. Nad Sudołem 22/37', '31-228', 'Białystok', '(54)634-87-13'),
('206-97-92-247', 'ul. Radzikowskiego 99', '31-342', 'Białystok', '(54)716-89-42'),
('214-935-67-11', 'ul. Mostowa 4', '73-246', 'Inowrocław', '(19)656-66-21'),
('215-225-84-26', 'ul. Szablowskiego 6', '46-362', 'Przasnysz ', '(46)987-68-71'),
('215-572-28-81', 'Al.29-Listopada 178 A', '88-212', 'Koszalin ', '(73)584-38-88'),
('223-111-92-42', 'ul. Półłanki 78', '96-256', 'Tomaszów Mazowiecki', '(58)432-89-73'),
('223-971-29-20', 'ul. Fabryczna 17', '24-528', 'Tomaszów Mazowiecki ', '(13)538-87-67'),
('224-729-37-96', 'ul. Friedleina 3/3', '26-333', 'Zamość', '(14)942-11-23'),
('225-59-28-622', 'ul. Romanowicza 7', '30-702', 'Kraków', '(11)685-82-91'),
('227-13-93-61', 'ul. Bociana 22', '31-231', 'Siedlce', '(68)128-59-27'),
('227-642-90-35', 'ul. Vetulaniego 5', '51-470', 'Żary ', '(61)467-20-10'),
('236-75-15-866', 'Al..Słowackiego 45/ 1i 2', '30-018', 'Koszalin', '(66)245-70-52'),
('239-870-13-27', 'ul. Jabłonkowska 17/35', '20-922', 'Gdynia', '(46)998-54-37'),
('240-678-94-80', 'ul. Szablowskiego 6', '51-465', 'Grupa', '(25)726-65-20'),
('241-48-14-458', 'ul.Miodowa 26', '31-055', 'Zabrze', '(31)785-21-18'),
('242-476-22-42', 'ul. Płk. Dąbka 15', '39-110', 'Skierniewice ', '(56)184-99-28'),
('242-72-37-56', 'ul. Biskupińska 11', '30-732', 'Opole', '(23)857-21-42'),
('244-796-72-66', 'ul. Obozowa 66a/7', '70-201', 'Elbląg ', '(15)660-20-42'),
('245-289-70-27', 'ul. Lea 210', '18-841', 'Ustka', '(31)529-27-70'),
('245-913-40-78', 'os. Hutnicze 1/79', '66-744', 'Dęblin Twierdza', '(31)379-89-22'),
('246-15-36-314', 'ul. Mierosławskiego 1', '30-807', 'Białystok', '(54)796-64-23'),
('247-29-87-766', 'ul. Jana - Sas Zubrzyckiego 10', '30-611', 'Nowy Sącz', '(14)623-86-32'),
('248-95-99-151', 'ul. Płk. Dąbka 15', '30-732', 'Wrocław', '(34)587-62-78'),
('248-99-81-759', 'al. 29 Listopada 130', '31-406', 'Katowice', '89 1234567'),
('249-52-41-770', 'ul.Radzikowskiego 37', '31-315', 'Nowy Sącz', '(14)390-92-60'),
('250-31-89-848', 'ul. K . Wielkiego 142', '30-082', 'Częstochowa', '(97)649-80-89'),
('251-89-93-233', 'ul. J. Kurczaba 25', '30-868', 'Rzeszów', '(20)722-33-31'),
('252-28-55-576', 'ul. Zawiła 65 e', '30-390', 'Koszalin', '(66)637-51-69'),
('253-150-22-20', 'ul. Kobierzy ska 101/7', '31-427', 'LĘbork ', '(13)435-70-30'),
('257-61-87-625', 'ul. Tuchowska 6a/13', '30-618', 'Gdynia', '(62)944-48-37'),
('257-65-16-901', 'ul. Zakopia ska 68', '30-418', 'Kraków', '(12)540-18-47'),
('261-53-42-196', 'ul. Polonijna 1', '30-668', 'Radom', '(76)579-34-76'),
('263-65-29-302', 'ul. Czajna 22 A', '30-689', 'Zakopane', '(83)703-79-86'),
('263-97-40-852', 'ul. Domagały 2', '30-741', 'Szczytno', '(91)883-54-77'),
('264-989-18-98', 'ul. Na Kozłówce 4A/82', '42-755', 'Międzyrzecz', '(62)405-37-73'),
('265-26-45-391', 'ul. Dekerta 47', '30-703', 'Koszalin', '(67)612-27-89'),
('266-34-35-303', 'ul. Bociana 8', '31-231', 'Warszawa', '(48)908-79-91'),
('266-51-58-4', 'ul. Miodowa 9', '31-055', 'Opole', '(24)958-55-82'),
('267-19-29-90', 'ul. Brzask 49', '30-381', 'Gdańsk', '(62)117-37-41'),
('267-630-95-68', 'ul. ładna 2 ', '57-256', 'Zamość', '(46)264-53-48'),
('267-815-48-50', 'ul. Wadowicka 12', '14-888', 'Braniewo ', '(25)700-12-15'),
('270-48-76-3', 'ul. Sanocka 11/61', '30-620', 'Włocławek', '(85)702-32-23'),
('270-97-99-138', 'ul.  Zabia 16/1   ', '30-809', 'Olsztyn', '(40)988-26-45'),
('271-265-34-55', 'ul. Ceglarska 25849A', '50-792', 'Lębork ', '(33)528-22-28'),
('277-745-33-18', 'ul. Ko ciuszki 86', '23-959', 'Grudziądz', '(11)434-72-70'),
('279-344-21-55', 'ul. Lipowa 4', '68-919', 'Czarne', '(92)300-76-51'),
('280-32-86-183', 'os. Teatralne 9A', '89-233', 'Poznań', '(51)294-30-39'),
('282-25-86-749', 'ul. K . Chałupnika 4', '31-463', 'Częstochowa', '(98)622-56-45'),
('284-52-16-114', 'ul. Płk. Dąbka 16', '30-732', 'Olsztyn', '(40)105-92-28'),
('284-83-72-836', 'ul. Lindego 1', '30-148', 'Legnica', '(91)799-39-57'),
('285-680-95-24', 'ul.  Świętokrzyska 12', '01-888', 'Zegrze', '(49)231-32-67'),
('288-304-80-16', 'ul. Radziwiłłowska 1', '22-159', 'Dziwnów ', '(34)770-65-54'),
('288-97-14-395', 'ul. Mogilska 1/125', '31-516', 'Gdańsk', '(62)382-78-97'),
('289-61-65-219', 'ul. łokietka 352', '31-334', 'Kraków', '(13)354-26-31'),
('299-70-82-243', 'os. Oświecenia 13/2', '31-635', 'Zielona Góra', '(72)964-80-25'),
('300-61-89-687', 'ul. Wilcza 4', '31-300', 'Kraków', '(11)147-75-10'),
('303-15-12-641', 'ul. Sko na 20', '30-383', 'Warszawa', '(48)263-26-66'),
('303-62-40-153', 'ul. Gryczana 30 A', '31-266', 'Olsztyn', '(39)544-20-96'),
('304-360-95-97', 'ul. Dr. Babińskiego 29, bl. 23/3', '78-805', 'Wesoła ', '(87)751-24-72'),
('304-78-68-914', 'ul. Wygoda 9', '31-106', 'Wrocław', '(35)831-98-26'),
('304-880-30-62', 'ul. Radzikowskiego 51', '94-475', 'Jelenia Góra', '(26)829-57-36'),
('304-95-25-513', 'ul. Kamienna 10', '31-403', 'Ostrów Wlkp.', '(45)114-83-31'),
('305-48-80-242', 'ul. Ksi cia Józefa 54 A', '30-206', 'Wrocław', '(34)776-67-53'),
('305-50-40-752', 'ul.Szlak 20/7', '31-153', 'Siedlce', '(67)956-79-47'),
('313-50-10-80', 'ul. Kosiarzy 3', '30-731', 'Szczecin', '(42)357-63-21'),
('314-72-67-520', 'ul. Dobrego Pasterza 126', '31-416', 'Zakopane', '(84)317-90-42'),
('315-18-51-456', 'ul. Gra yny 3', '31-217', 'Łódź', '(80)178-16-74'),
('317-89-45-89', 'os. Centrum C 11', '31-931', 'Zielona Góra', '(72)189-49-30'),
('322-596-77-22', 'ul. Tytusa Czyżewskiego 1', '39-943', 'Zgierz', '(42)196-74-97'),
('324-113-20-82', 'ul. Rostafińskiego 10', '84-532', 'Orzysz ', '(66)230-12-82'),
('324-60-86-672', 'os. Krakowiaków 45A/14', '31-964', 'Olsztyn', '(38)908-48-52'),
('325-743-37-14', 'ul. Kobierzy ska 108', '63-258', 'Darłowo ', '(38)828-26-16'),
('327-44-90-424', 'ul. Celna 9', '30-507', 'Poznań', '(52)757-39-86'),
('329-55-22-320', 'ul. Stradom 12', '31-058', 'Wieluń', '(71)873-33-64'),
('330-16-60-521', 'ul. Taklińskiego 85', '30-499', 'Szczecin', '(42)155-11-55'),
('334-39-63-898', 'ul. Radzikowskiego 51', '31-305', 'Rzeszów', '(22)154-83-72'),
('334-724-76-88', 'ul. Jana - Sas Zubrzyckiego 10', '25-500', 'Krosno Odrzańskie ', '(79)733-79-18'),
('340-52-55-810', 'ul. Godlewskiego 38', '30-198', 'Wrocław', '(33)412-80-81'),
('341-35-25-130', 'ul. Zarosie 40', '30-898', 'Radom', '(77)449-15-53'),
('344-341-43-33', 'ul. Zubrzyckiego 3/9', '15-765', 'Międzyrzecz', '(55)559-19-41'),
('345-20-85-42', 'ul. Wadowicka 12', '30-415', 'Kielce', '(19)737-46-51'),
('346-22-81-563', 'ul. Wielicka 73', '30-552', 'Wrocław', '(34)927-81-87'),
('347-60-53-501', 'ul. Kielecka 7 A', '31-526', 'Włocławek', '(85)733-99-45'),
('350-411-13-56', 'ul. Zabłocie 7', '96-627', 'Gubin', '(29)233-12-61'),
('351-124-39-40', 'ul.Różana 5', '79-584', 'Ustka', '(81)986-30-58'),
('354-458-61-58', 'ul. Płk. Dąbka 17', '59-724', 'Mrągowo', '(25)985-86-54'),
('356-459-33-33', 'ul. Kamienna 10', '67-992', 'Opole ', '(25)164-51-57'),
('357-27-55-641', 'ul. Krakusów 1A/43', '30-092', 'Warszawa', '(47)340-88-52'),
('357-886-11-32', 'al. 29 Listopada 130', '69-602', 'Tomaszów Mazowiecki', '(56)437-59-22'),
('358-331-24-16', 'ul. Dzielskiego 2', '36-134', 'Zamość', '(91)999-49-35'),
('358-957-43-83', 'ul.Kalwaryjska 9/15', '28-214', 'Koszalin', '(77)658-96-24'),
('360-94-75-375', 'ul. Dr. Babińskiego 29, bl. 23/3', '30-393', 'Zabrze', '(30)506-14-17'),
('362-857-83-46', 'ul. Teligi 8', '57-768', 'Gliwice', '(59)689-71-66'),
('366-355-14-38', 'Pl. Serkowskiego 10', '32-398', 'Żagań Las', '(11)503-56-32'),
('368-93-63-145', 'ul. Romanowicza 2', '30-702', 'Elbląg', '(94)569-24-75'),
('370-76-84-470', 'ul. Kobierzy ska 108', '30-382', 'Nowy Sącz', '(14)802-56-40'),
('370-97-88-613', 'ul. Czapińskiego 3', '30-048', 'Łódź', '(82)184-85-61'),
('374-66-92-739', 'ul. Rusznikarska 13/54', '31-261', 'Łódź', '(83)216-94-78'),
('375-314-34-60', 'ul. Moniuszki 26a', '88-184', 'Trzebiatów ', '(40)564-37-63'),
('377-680-44-90', 'Rynek Podgórski 2/11', '33-258', 'Żagań Las', '(75)181-36-74'),
('378-17-86-196', 'ul. Tytusa Czy ewskiego 1', '30-085', 'Opole', '(23)772-45-18'),
('378-92-95-517', 'ul. Wysłouchów 48', '30-611', 'Warszawa', '(49)613-37-78'),
('380-87-35-256', 'ul. Księcia Józefa 32', '30-206', 'Białystok', '(57)241-35-84'),
('382-81-14-576', 'ul. Przewóz 45', '30-716', 'Toruń', '(85)161-19-24'),
('382-91-49-911', 'ul. Balicka 255', '30-198', 'Białystok', '(55)762-29-12'),
('383-133-64-81', 'ul. Makuszyńskiego 18', '78-962', 'Mińsk Mazowiecki ', '(37)741-11-62'),
('383-95-45-944', 'ul. Bieżanowska 97/2', '30-826', 'Łódź', '(81)229-97-21'),
('386-54-34-721', 'ul. Christo Botewa 34', '30-798', 'Warszawa', '(49)103-70-78'),
('390-36-11-472', 'ul. Prudnicka 63', '31-202', 'Kraków', '(10)692-43-16'),
('390-89-94-439', 'Al.29-Listopada 178 A', '31-236', 'Rzeszów', '(21)388-38-73'),
('391-116-20-32', 'ul. Wielicka 25', '52-994', 'Ostróda', '(21)306-29-50'),
('391-536-88-57', 'ul. Vetulaniego 5', '45-484', 'Brygada WOP Lubań śląski ', '(61)319-62-67'),
('401-68-78-38', 'ul. Zygmunta Starego 130', '30-198', 'Włocławek', '(88)245-48-82'),
('401-727-86-88', 'ul. Broniewskiego 1', '93-815', 'Koszalin', '(86)555-10-73'),
('402-44-84-695', 'ul. Bonarka 21', '30-415', 'Radom', '(76)560-98-71'),
('408-12-52-126', 'os. Na skarpie 20/5', '31-910', 'Wieluń', '(69)698-22-80'),
('409-388-54-63', 'ul. łokietka 98-104', '82-281', 'Braniewo ', '(95)230-44-70'),
('411-29-65-886', 'ul. Lubla ska 34', '31-476', 'Koszalin', '(67)811-49-50'),
('411-45-11-770', 'ul.Różana 5', '30-305', 'Kraków', '(14)267-27-66'),
('411-585-62-69', 'ul. Taklińskiego 85', '39-394', 'Gubin ', '(52)630-65-74'),
('414-441-57-34', 'ul. Wybickiego 5', '91-421', 'Ostróda', '(88)933-33-71'),
('415-895-49-28', 'ul. Obrońców Modlina 4', '41-251', 'Sulechów ', '(93)521-49-88'),
('416-546-40-82', 'ul. Wodna 2', '53-944', 'Inowrocław ', '(69)874-71-92'),
('417-583-84-66', 'ul. Gromadzka 46', '52-790', 'Giżycko ', '(58)131-96-76'),
('417-86-41-921', 'ul. Mackiewicza 5', '31-214', 'Zabrze', '(30)653-99-38'),
('417-958-25-96', 'os. Młodości 8', '44-621', 'Kraków ', '(24)187-86-20'),
('421-48-56-729', 'os. Centrum C 10', '31-931', 'Lublin', '(90)295-34-97'),
('427-452-25-41', 'ul.Chopina 13/6', '70-233', 'Nowy Dwór Mazowiecki ', '(29)328-65-97'),
('428-931-31-98', 'os. Teatralne 9A', '94-200', 'Opole ', '(19)802-77-64'),
('434-58-14-833', 'ul. Mała Góra 71', '30-864', 'Łuków', '(69)247-80-70'),
('435-30-38-198', 'ul. Lea 210', '30-133', 'Toruń', '(85)277-28-79'),
('436-56-22-401', 'ul. Głowackiego 16', '30-085', 'Legnica', '(91)281-19-24'),
('436-767-98-17', 'ul. Łużycka 65/140', '28-214', 'Kostrzyń nad Odrą ', '(47)801-69-95'),
('437-953-64-78', 'ul. K ukiela 18', '55-337', 'Wrocław ', '(11)932-66-22'),
('438-35-51-506', 'ul. Krzywda 1', '32-311', 'Wieluń', '(70)234-77-73'),
('446-977-13-82', 'ul. Pasternik 26', '48-881', 'Chełmno', '(22)246-26-44'),
('447-16-28-88', 'ul. Bernardyńska 7', '31-069', 'Poznań', '(51)593-21-47'),
('447-767-29-16', 'ul. Bandtkiego 19', '23-617', 'Piła ', '(68)255-12-48'),
('448-96-58-159', 'ul. Karmelicka 31', '31-131', 'Płock', '(46)104-77-14'),
('449-29-73-22', 'ul. Przewóz 2', '30-716', 'Olsztyn', '(38)704-86-67'),
('455-33-73-855', 'ul. Broniewskiego 1', '30-801', 'Toruń', '(85)313-59-72'),
('455-94-27-688', 'ul. Nadwi la ska 2', '30-527', 'Łódź', '(79)923-17-22'),
('455-98-48-90', 'ul. Toruńska 14/2A', '30-056', 'Kielce', '(20)434-91-59'),
('456-28-47-924', 'ul. Juliusza Lea 114', '30-133', 'Gdańsk', '(62)475-46-87'),
('457-57-18-481', 'ul. Tadeusza Ko ciuszki 72', '30-114', 'Bytom', '(96)737-52-10'),
('463-653-79-54', 'os. Handlowe 5', '54-902', 'Zamość', '(13)684-16-30'),
('467-923-35-26', 'ul. Wilcza 4', '94-591', 'Ostrów Wielkopolski', '(73)660-92-16'),
('470-96-47-281', 'ul. Dunajewskiego 5', '31-133', 'Szczecin', '(43)754-24-38'),
('471-60-22-122', 'ul. Sko na 45', '30-383', 'Warszawa', '(48)802-73-51'),
('474-10-31-251', 'ul. Wielicka 25', '30-552', 'Warszawa', '(50)579-62-67'),
('474-629-76-54', 'Ul. Zabłocie 23', '62-170', 'Lubliniec', '(48)499-79-50'),
('475-386-10-54', 'ul. Kosiarzy 3', '89-742', 'Gołdap', '(44)248-95-33'),
('477-56-12-226', 'ul. Zawiła 65 E', '30-390', 'Zabrze', '(33)179-81-56'),
('478-22-55-319', 'ul. Smolenia 20', '30-860', 'Wieluń', '(71)565-34-35'),
('479-75-18-679', 'ul. Racławicka 56', '30-017', 'Gdańsk', '(59)479-50-36'),
('481-90-78-345', 'ul. Paulińska 6/1 ', '31-065', 'Rzeszów', '(21)498-36-25'),
('483-59-39-384', 'ul. Wodna 3', '30-556', 'Zielona Góra', '(72)859-70-25'),
('484-731-80-19', 'ul. Juliusza Lea 210', '23-130', 'Węgorzewo', '(52)626-16-92'),
('488-887-29-21', 'ul. Prof.  lńskiego 4', '25-597', 'Jelenia Góra', '(38)398-13-57'),
('490-119-84-46', 'ul. Christo Botewa 34', '65-461', 'Gniezno', '(63)819-80-75'),
('490-63-17-257', 'ul. K rzywda 1', '30-710', 'Włocławek', '(88)179-97-96'),
('492-52-71-294', 'ul. Zubrzyckiego 3/9', '30-611', 'Kraków', '(12)505-71-79'),
('498-65-16-857', 'ul. Nowa Górka 9', '32-822', 'Mława', '(94)337-44-40'),
('503-30-76-816', 'os. Teatralne 19,', '31-946', 'Sosnowiec', '(96)612-12-91'),
('503-46-53-753', 'os. Wysokie 6', '31-818', 'Gdynia', '(62)626-90-71'),
('503-889-46-41', 'ul. łowińskiego 2', '51-384', 'Giżycko ', '(24)220-14-24'),
('505-33-53-260', 'ul. Makuszyńskiego 24', '31-725', 'Łódź', '(79)531-78-63'),
('506-352-77-59', 'ul.Radzikowskiego 37', '77-631', 'Jelenia Góra', '(34)751-20-96'),
('507-347-32-43', '', '13-261', 'Koszalin', '(59)150-56-74'),
('509-59-60-183', 'ul. Ko ciuszki 86', '30-114', 'Warszawa', '(49)802-25-24'),
('512-99-92-161', 'Al. Pokoju 2 A', '31-548', 'Warszawa', '(49)372-39-43'),
('514-51-81-559', 'ul. Moniuszki 50', '31-523', 'Szczytno', '(91)928-15-74'),
('518-954-46-72', 'ul. Bociana 22', '57-755', 'Bemowo Piskie', '(11)208-63-61'),
('519-554-99-43', 'ul. łowińskiego 9/32', '55-175', 'Grudziądz ', '(95)896-91-19'),
('520-21-69-329', 'Kraków os. Krakowiaków 45 A/2', 'Kraków', 'Gdańsk', '(58)796-86-63'),
('522-314-38-51', 'ul. Paulińska 6/1 ', '97-374', 'Toruń', '(71)576-59-80'),
('523-829-84-96', 'ul. Salwatorska 14', '27-599', 'Międzyrzecz', '(65)559-28-78'),
('523-866-85-50', 'ul.Saska 23', '39-456', 'Grudziądz ', '(99)783-29-14'),
('530-54-89-534', 'ul. Friedleina 3/3', '30-009', 'Włocławek', '(88)554-11-97'),
('533-18-65-721', 'ul. Meiera 11', '31-236', 'Nowy Sącz', '(14)976-94-97'),
('534-33-53-374', 'ul. Opolska 11', '31-275', 'Gdańsk', '(60)953-77-40'),
('534-92-38-606', 'Al.. 29 Listopada 214', '31-241', 'Szczytno', '(92)309-46-60'),
('535-62-18-140', 'ul. Pasternik 26', '31-354', 'Warszawa', '(48)427-78-42'),
('535-89-48-399', 'ul. łokietka 98-104', '31-334', 'Ełk', '(54)190-90-99'),
('536-54-65-580', 'ul. Dzielskiego 2', '31-465', 'Kielce', '(15)936-70-85'),
('537-425-73-72', 'al. Jana Pawła II 39', '59-665', 'Warszawa ', '(51)394-93-34'),
('537-647-44-18', 'ul.Miodowa 26', '83-340', 'Warszawa ', '(82)861-89-64'),
('539-108-24-71', 'Rynek Główny 37', '68-267', 'Katowice ', '(11)114-50-36'),
('539-19-92-874', 'ul. Lipowa 4', '30-702', 'Białystok', '(57)469-75-28'),
('540-69-56-948', 'Rynek Główny 9', '31-042', 'Sosnowiec', '(96)628-32-35'),
('542-189-57-61', 'ul. Wygoda 9', '77-231', 'Goleniów ', '(70)971-80-73'),
('544-192-67-65', 'ul. Ksi cia Józefa 54 A', '91-244', 'Giżycko', '(64)835-37-30'),
('545-32-97-499', 'ul. Półanki 18', '30-740', 'Gorzów Wlkp.', '(76)171-20-75'),
('545-89-53-917', 'os. Strusia 20', '31-810', 'Gdańsk', '(59)965-80-65'),
('547-388-43-46', 'ul. Przemysłowa 12', '65-121', 'Ustka', '(65)503-95-32'),
('547-50-75-976', 'Rynek Główny 37', '31-013', 'Kraków', '(12)718-33-34'),
('549-70-13-857', 'ul. Lea 210 B', '30-133', 'Poznań', '(53)719-72-60'),
('551-79-69-675', 'os. II Pułku Lotniczego Paw. 1', '31-867', 'Olkusz', '(99)999-74-84'),
('558-73-64-209', 'ul. Wadowicka 12', '30-415', 'Poznań', '(51)366-99-61'),
('559-817-32-88', 'ul. Rakowicka 27', '84-419', 'Międzyrzecz ', '(44)677-56-22'),
('561-18-66-646', 'al. Jana Pawła II 39', '30-969', 'Kielce', '(16)804-56-28'),
('561-86-43-994', 'Plac Szczepański 5', '31-011', 'Łódź', '(81)365-72-15'),
('563-271-65-20', 'ul. Lea 210 B', '93-824', 'Szczecin - Podjuchy ', '(82)644-11-56'),
('566-11-70-396', 'al. Jana Pawła II 12', '31-571', 'Kraków', '(13)797-11-31'),
('566-48-35-613', 'ul. Tyniecka 7', '30-319', 'Olsztyn', '(38)176-86-68'),
('570-44-11-575', 'Al. Focha 33', '30-119', 'Gorzów Wlkp.', '(75)752-86-31'),
('574-45-93-818', 'ul. Zarosie 40', '30-898', 'Wrocław', '(34)134-14-43'),
('574-668-70-29', 'al. Słowackiego 39', '64-186', 'Gdynia', '(79)792-71-66'),
('575-116-24-64', 'ul. Rydlówka 20', '55-327', 'Opole', '(77)432-63-95'),
('576-344-88-82', 'ul. Konarskiego 24/20', '66-288', 'Elbląg ', '(49)799-73-59'),
('577-77-85-300', 'ul. H. Modrzejewskiej 30', '31-327', 'Kielce', '(17)184-38-14'),
('579-39-17-566', 'ul. Blokowa 3', '31-752', 'Lublin', '(90)588-83-98'),
('579-98-96-614', 'ul. łowińskiego 9', '31-752', 'Siedlce', '(68)557-66-27'),
('580-408-39-86', 'ul. Ks. W. Turka 8/43', '42-717', 'Szczawno', '(89)666-92-99'),
('585-88-54-415', 'ul. Białopr dnicka 16', '31-221', 'Włocławek', '(87)187-35-91'),
('586-86-39-947', 'ul. Fabryczna 17', '31-553', 'Opole', '(25)815-34-96'),
('589-186-23-96', 'os. Szkolne 35/25', '54-838', 'Emów ', '(27)806-20-48'),
('590-14-54-208', 'ul. Dobrego Pasterza 118 c', '31-416', 'Gdynia', '(63)237-22-95'),
('591-412-99-58', 'Al. Pokoju 2 A', '95-834', 'Nysa', '(85)368-81-91'),
('592-585-66-45', 'ul. Makuszyńskiego 24', '51-503', 'Nysa', '(14)131-90-95'),
('595-62-39-915', 'ul. Grunwaldzka 24/20', '31-524', 'Szczecin', '(44)654-23-81'),
('597-15-86-917', 'ul. Pocieszka 5', '31-408', 'Katowice', '(28)810-89-10'),
('599-425-80-83', 'ul. Kielecka 7 A', '55-337', 'WOP Ustka ', '(50)118-52-93'),
('600-692-47-33', 'ul. Ujastek 1', '53-913', 'Ostróda ', '(57)662-21-30'),
('602-43-48-726', 'Ul. Zabłocie 23', '30-960', 'Ostrów Wlkp.', '(44)675-44-44'),
('605-80-76-624', 'ul. Obo na 29 b', '30-010', 'Białystok', '(55)763-67-16'),
('606-927-48-12', 'ul. Zawiła 65 E', '65-984', 'Szczecin - Podjuchy', '(37)386-72-10'),
('609-133-34-27', 'os. Centrum D 1', '55-599', 'Międzyrzecz', '(92)459-32-53'),
('610-62-55-609', 'ul. Vetulaniego 1 A', '31-227', 'Łódź', '(81)972-35-12'),
('611-547-16-58', 'ul. H. Modrzejewskiej 30', '20-848', 'Krosno Odrzańskie ', '(38)558-94-47'),
('612-99-63-636', 'ul.Niepokalanej Panny Marii 90', '31-589', 'Opole', '(23)372-50-71'),
('613-35-86-945', 'ul. A. Krzywoni 17/1', '31-464', 'Gdańsk', '(58)446-21-41'),
('613-47-51-827', 'ul. Brzozowa 17', '31-050', 'Kraków', '(11)540-85-59'),
('615-269-20-34', 'ul. Wysłouchów 48', '79-551', 'Koszalin', '(57)113-77-28'),
('617-33-79-311', 'ul. Podwale 3', '31-118', 'Elbląg', '(95)198-83-46'),
('621-80-43-873', 'ul. Kocmyrzowska 13 A', '31-750', 'Bytom', '(96)903-55-92'),
('623-24-40-722', 'ul. Łużycka 65/140', '30-658', 'Toruń', '(85)307-58-22'),
('624-526-79-48', 'ul. Przewóz 2', '66-665', 'Mrzeżyno ', '(84)315-58-95'),
('628-290-24-61', 'ul. Skawińska 8', '39-230', 'Toruń', '(44)455-66-55'),
('630-913-79-73', 'ul. Przewóz 45', '20-549', 'Mirosławiec ', '(21)866-64-79'),
('631-39-58-879', 'ul. J. Kustronia 44 A', '30-432', 'Lublin', '(89)510-23-93'),
('635-683-29-65', 'os. Jagiellońskie 19', '71-269', 'Czarne', '(61)462-80-24'),
('636-65-80-909', 'ul.Dobrego Pasterza 118', '31-416', 'Wrocław', '(36)430-58-60'),
('637-93-85-736', 'ul. Pocieszka 5', '31-408', 'Katowice', '(27)192-58-37'),
('638-78-29-173', 'ul. K pielowa 70', '30-698', 'Katowice', '(28)519-67-59'),
('640-45-16-418', 'ul.Pigonia 4/2', '31-230', 'Wieluń', '(71)476-98-84'),
('643-825-39-75', 'ul. Pocieszka 5', '62-997', 'Warszawa ', '(58)845-62-42'),
('643-90-15-708', '', '30-017', 'Wrocław', '(36)969-43-33'),
('647-44-56-459', 'ul. Budziszy ska 1', '31-619', 'Kraków', '(14)239-34-13'),
('648-853-23-76', 'al. Jana Pawła II 12', '87-755', 'Wrocław ', '(99)352-43-42'),
('650-47-16-437', 'ul. Siemaszki 17 B', '31-201', 'Wrocław', '(38)110-32-20'),
('651-39-89-665', 'ul. Kocmyrzowska 13 A', '31-750', 'Gdańsk', '(59)220-84-85'),
('651-94-67-637', 'ul. Bałuckiego 6', '30-318', 'Gdańsk', '(59)675-99-61'),
('652-507-25-70', 'ul. Karmelicka 31', '73-480', 'Ostróda', '(86)400-50-75'),
('653-38-18-286', 'ul. Jagiellońska 2', '31-010', 'Ełk', '(54)398-99-99'),
('653-45-51-361', 'ul. Bociana 6', '31-231', 'Kraków', '(11)676-37-14'),
('653-658-82-94', 'ul. Meiera 11', '81-491', 'Warszawa ', '(69)613-53-90'),
('653-92-51-259', 'ul. Bandtkiego 19', '30-129', 'Poznań', '(53)377-29-47'),
('655-64-56-380', 'Rynek Podgórski 2/11', '30-533', 'Kielce', '(20)296-75-18'),
('657-21-69-856', 'ul. Wybickiego 3 A', '31-261', 'Płock', '(45)860-31-65'),
('657-332-74-11', 'ul. Karmelicka 15', '76-719', 'Braniewo ', '(38)528-38-44'),
('657-59-93-326', 'os. Piastów 61', '31-625', 'Łódź', '(79)269-28-19'),
('661-640-78-61', 'ul. Sołtysowska 1', '92-493', 'Ostróda', '(58)717-67-95'),
('662-199-47-63', 'ul. Bociana 8', '26-327', 'Zamość', '(95)414-95-68'),
('663-99-23-21', 'ul. Rydlówka 8', '30-363', 'Łódź', '(83)348-27-15'),
('664-755-58-55', 'ul.Dobrego Pasterza 118', '87-621', 'Poznań - Babki ', '(66)242-73-10'),
('666-23-73-878', 'ul. Komorowskiego 12', '30-106', 'Olsztyn', '(41)309-60-15'),
('670-37-10-589', 'ul. Górników 13', '30-819', 'Szczecin', '(42)757-73-28'),
('670-40-71-642', 'ul. Dietla 64', '31-039', 'Olkusz', '(99)999-74-11'),
('670-49-70-632', 'ul. Ksi cia Józefa 54 a', '30-206', 'Sosnowiec', '(95)838-24-96'),
('671-67-89-961', 'ul. Lea 210', '30-133', 'Rzeszów', '(21)746-41-90'),
('672-67-78-792', 'ul. Gen. Bolesława Roi 6', '30-606', 'Koszalin', '(67)313-27-45'),
('673-72-59-419', 'ul.Beskidzka 22', '30-622', 'Koszalin', '(67)898-82-42'),
('677-15-70-294', 'os. Hutnicze 1/79', '31-917', 'Kraków', '(14)259-53-72'),
('678-57-56-134', 'ul.Saska 23', '30-720', 'Toruń', '(84)400-42-59'),
('682-511-12-43', 'ul. Płk. Dąbka 16', '27-380', 'Ziemi Lubelskiej Lublin', '(81)253-66-99'),
('682-715-49-15', 'ul Halszki 37/28A', '93-146', 'Szczecin ', '(52)622-54-14'),
('684-65-59-450', 'ul. Kobierzy ska 101/7', '30-382', 'Opole', '(24)860-47-15'),
('686-42-91-973', 'ul. Konarskiego 24/20', '30-045', 'Warszawa', '(49)724-70-83'),
('691-565-81-46', 'ul. Bociana 22', '89-266', 'Żary', '(96)767-23-66'),
('692-113-21-33', 'ul. J. Kurczaba 25', '16-229', 'Leszno ', '(57)219-86-11'),
('694-59-95-431', 'os. Jagiellońskie 19', '31-834', 'Warszawa', '(49)512-94-98'),
('695-207-19-75', 'ul. Miodowa 26', '66-488', 'Gliwice ', '(58)822-13-52'),
('695-57-82-987', 'ul. Wenecja 3/9', '31-117', 'Koszalin', '(67)575-88-89'),
('695-731-44-92', 'Al. 29- go Listopada 130', '48-919', 'Jelenia Góra ', '(79)361-33-62'),
('696-86-55-623', 'ul. Centralna 51', '31-586', 'Siedlce', '(68)241-83-66'),
('698-10-40-965', 'os. Na Stoku 34 A', '31-706', 'Łódź', '(81)883-83-14'),
('701-660-11-18', 'ul. Makuszyńskiego 4', '72-956', 'Toruń ', '(33)134-78-76'),
('701-85-33-750', 'ul. Halszki 1/27', '30-611', 'Zielona Góra', '(72)778-44-68'),
('703-202-65-12', 'ul. Gromadzka 46', '63-598', 'Warszawa ', '(41)568-52-16'),
('703-854-22-63', 'ul. Olszewskiego 2 ', '54-368', 'Ostróda', '(39)571-51-36'),
('704-42-92-277', 'os. Złoty Wiek 26/55', '31-617', 'Gorzów Wlkp.', '(75)237-33-69'),
('709-443-10-64', 'ul. Gryczana 30 A', '61-261', 'Chełmno Pomorskie', '(89)811-41-24'),
('710-672-13-39', 'ul. Tyniecka 7', '34-837', 'Biedrusko ', '(61)392-49-85'),
('713-703-89-63', 'ul. Biskupińska 11', '36-398', 'Gołdap', '(21)271-98-68'),
('715-43-53-996', 'ul. Pr dnicka 10', '30-002', 'Legnica', '(90)653-23-33'),
('717-74-79-129', 'ul. Klasztorna 31', '31-979', 'Łódź', '(77)948-83-57'),
('721-24-27-133', 'ul. Sosnowiecka 89', '31-345', 'Nowy Sącz', '(15)886-18-43'),
('721-41-12-616', 'ul. K ukiela 18', '31-358', 'Włocławek', '(88)699-38-28'),
('722-717-56-35', 'ul. Prof.  lńskiego 4', '90-184', 'Przasnysz ', '(72)358-58-22'),
('723-509-78-35', 'ul. Bernardyńska 7', '79-205', 'Przemyśl', '(46)685-61-58'),
('723-58-54-348', 'os. Szkolne 35/25', '31-978', 'Kielce', '(20)313-17-81'),
('724-36-50-440', 'ul. Nad Drwina 10/F5', '30-741', 'Zielona Góra', '(74)471-19-17'),
('725-34-76-81', 'ul. Wodna 2', '30-556', 'Toruń', '(84)711-37-54'),
('726-90-90-149', 'ul. Słomiana 9/58', '30-316', 'Łódź', '(83)350-41-10'),
('727-56-69-893', 'ul. Radziwiłłowska 1', '31-026', 'Olsztyn', '(39)643-23-94'),
('728-448-43-23', 'ul.  abia 16/1   ', '94-975', 'Oleszno ', '(91)701-99-30'),
('728-80-66-224', 'ul. Brzozowa 4/4A', '31-050', 'Wieluń', '(70)758-46-13'),
('729-82-67-206', 'ul. Rakowicka 27', '31-510', 'Kielce', '(18)264-34-73'),
('731-614-68-48', 'ul. Adama Vetulaniego 5', '25-188', 'Mrągowo', '(65)510-42-46'),
('732-92-95-132', 'Rynek Główny 30/35', '31-010', 'Łuków', '(68)855-55-39'),
('733-797-60-31', 'ul. Zakopiańska 68', '06-141', 'Warszawa ', '(31)362-75-83'),
('735-256-60-64', 'ul. Zygmunta Starego 130', '93-815', 'Żagań Miasto ', '(69)630-16-55'),
('735-56-46-29', 'os. Na Wzgórzach 44', '32-721', 'Płock', '(46)158-88-57'),
('736-189-76-13', 'ul.Niepokalanej Panny Marii 90', '70-142', 'Poznań', '(45)318-23-24'),
('738-18-40-105', 'ul. Półłanki 78', '30-740', 'Opole', '(25)970-15-87'),
('738-24-61-248', 'ul. Vetulaniego 5', '31-226', 'Opole', '(23)953-64-62'),
('738-579-86-50', 'ul. Skośna 18', '14-876', 'Giżycko', '(41)482-28-53'),
('738-75-80-483', 'ul. Berka Jaselewicza 26', '31-031', 'Gorzów Wlkp.', '(76)171-35-49'),
('738-78-73-243', 'ul. Płk. Dąbka 17', '30-832', 'Kielce', '(19)186-95-52'),
('739-980-78-55', 'ul Paderewskiego 4/7', '20-549', 'Szczecin ', '(66)399-11-83'),
('743-33-89-393', 'ul. Księcia Józefa 54 A', '30-206', 'Łódź', '(80)997-56-85'),
('743-810-62-50', 'ul. Dunajewskiego 5', '76-165', 'Zegrze', '(18)992-89-22'),
('752-223-88-50', 'ul. Przemysłowa 12', '24-254', 'Czarne', '(41)482-23-80'),
('755-54-58-44', 'ul. Warszawska 24', '31-155', 'Gdynia', '(63)503-76-72'),
('755-77-26-741', 'ul. Puszkarska 9 a', '30-644', 'Łódź', '(77)879-75-60'),
('755-878-75-32', 'ul. Górników 13', '97-781', 'Radom', '(36)891-49-42'),
('756-352-64-42', 'al. Słowackiego 39', '49-479', 'Koszalin', '(88)495-81-93'),
('757-95-52-655', 'ul. Obozowa 66a/7', '30-383', 'Wrocław', '(33)589-99-28'),
('761-65-61-73', 'ul. J. Kasprowicza 8A/5', '31-523', 'Wołów', '(76)500-92-31'),
('761-98-55-896', 'Pl. Serkowskiego 10', '30-512', 'Katowice', '(30)466-27-97'),
('763-10-91-775', 'ul. Makuszyńskiego 24', '31-752', 'Lublin', '(89)541-24-40'),
('763-81-98-944', 'ul. Sokorki 21B', '31-589', 'Katowice', '(27)830-75-93'),
('765-587-44-49', 'os. Handlowe 5', '81-491', 'Kwidzyn ', '(77)713-18-95'),
('767-16-29-632', 'ul. Hofmana 22', '30-210', 'Białystok', '(57)265-36-62'),
('768-641-21-21', 'os. Na Wzgórzach 44', '75-812', 'Wrocław ', '(89)676-16-39'),
('779-690-32-37', 'ul. Romanowicza 7', '19-364', 'Zegrze', '(77)931-89-80'),
('783-26-30-148', 'ul. Jana Pawła II 84', '31-571', 'Zakopane', '(83)422-14-98'),
('784-70-76-316', 'ul. Juliusza Lea 210', '30-133', 'Szczecin', '(42)234-91-47'),
('791-37-26-246', 'ul. Szablowskiego 6', '30-127', 'Zabrze', '(32)315-52-39'),
('791-96-23-410', 'os. Przy Arce 10/49', '31-945', 'Legnica', '(91)838-72-65'),
('794-99-91-816', 'ul. Zawiła 25', '30-390', 'Gdynia', '(62)953-55-83'),
('798-60-30-173', 'os. Wandy 21', '31-906', 'Wrocław', '(37)987-98-40'),
('799-592-51-41', 'ul. Nad Sudołem 22/37', '26-488', 'Przasnysz', '(40)673-86-21'),
('799-765-30-93', 'ul. Rzemie lnicza 4 a', '23-165', 'Komorowo ', '(41)829-75-81'),
('800-80-92-818', 'Al. 29- go Listopada 130', '31-406', 'Toruń', '(85)168-16-12'),
('801-62-58-737', 'os. 2 Pułku Lotniczego 3/193', '31-867', 'Mława', '(94)348-86-76'),
('805-597-95-59', 'ul. Grunwaldzka 24/20', '25-500', 'Mrągowo ', '(28)816-29-21'),
('806-31-33-323', 'ul. Rydlówka 20', '30-363', 'Warszawa', '(50)376-61-92'),
('806-392-33-63', 'ul. Lea 116', '22-446', 'Ełk ', '(68)770-32-73'),
('806-44-93-375', 'ul.Płóżycka 45/7', '30-658', 'Sopot', '(64)669-12-64'),
('808-70-90-270', 'ul. Okólna 11/26', '30-684', 'Poznań', '(51)802-14-54'),
('810-10-10-794', 'ul.Wysłouchów 48', '30-611', 'Bytom', '(96)695-46-89'),
('812-468-90-46', 'ul. Rzemie lnicza 4 a', '63-141', 'Zamość', '(62)255-14-61'),
('813-25-86-759', 'ul. Salwatorska 14', '30-109', 'Poznań', '(53)304-96-34'),
('813-76-70-187', 'ul. Bałuckiego 6', '30-318', 'Warszawa', '(49)400-54-23'),
('814-107-19-25', 'ul. Stradomska 13', '80-314', 'Poznań', '(16)820-63-24'),
('816-16-69-483', 'ul. Rostafińskiego 10', '30-072', 'Kraków', '(13)972-97-71'),
('816-386-55-20', 'ul. Sko na 20', '83-588', 'Gdynia ', '(97)188-77-87'),
('819-497-14-46', 'ul. Lea 210', '69-699', 'Wrocław ', '(72)169-51-58'),
('819-763-32-89', 'ul. Siemaszki 17 B', '78-679', 'Poznań ', '(13)890-71-99'),
('821-516-13-11', 'ul. Radzikowskiego 51', '55-318', 'Węgorzewo', '(61)739-72-25'),
('825-64-55-870', 'ul. Konecznego 8', '31-216', 'Szczytno', '(92)899-96-15'),
('831-27-91-21', 'ul. Prof.  lńskiego 4', '30-381', 'Zabrze', '(33)336-87-79'),
('834-448-56-67', 'ul. Kalwaryjska 51/5', '49-956', 'Trzebiatów ', '(26)691-36-43'),
('834-858-93-61', 'ul. Brzask 43', '58-514', 'Orzysz ', '(85)262-78-78'),
('837-85-52-126', 'al. Słowackiego 39', '31-159', 'Kielce', '(19)292-50-16'),
('840-24-26-340', 'ul. Gromadzka 46', '30-719', 'Rzeszów', '(22)853-52-86'),
('840-30-88-22', 'ul. Karmelicka 15', '31-133', 'Ełk', '(54)445-16-94'),
('841-43-87-39', 'os. Bohaterów Wrze nia 60/9', '31-621', 'Lublin', '(89)633-56-13'),
('842-67-85-100', 'ul. Sołtysowska 1', '31-589', 'Opole', '(26)677-83-78'),
('847-63-44-556', 'ul. Braterska 12', '30-802', 'Siedlce', '(68)159-99-91'),
('847-99-62-520', 'Al. Krasińskiego 5/8', '31-111', 'Włocławek', '(87)260-65-51'),
('851-34-73-44', 'ul. Ceglarska 25849A', '30-362', 'Szczecin', '(42)200-50-62'),
('853-150-32-25', 'ul. Teligi 8', '20-119', 'Wałcz ', '(89)560-29-61'),
('853-91-84-957', 'ul. Zawiła 65 D', '30-390', 'Częstochowa', '(97)273-99-57'),
('855-280-33-61', 'ul. Zawiła 65 E', '41-743', 'Zamość', '(68)282-36-51'),
('857-237-94-80', 'ul. Bałuckiego 6', '51-167', 'Skwierzyna', '(48)501-63-67'),
('859-330-89-87', 'ul. Batorego 14', '94-929', 'Iwiczna ', '(78)753-43-69'),
('861-35-25-135', 'ul. Olszewskiego 2 ', '31-007', 'Olsztyn', '(41)229-14-49'),
('865-196-19-66', 'ul. Tumanowicza 5', '48-919', 'Dźwirzyno', '(37)447-89-14'),
('872-78-16-590', 'ul. Płk. Dąbka 17', '30-732', 'Łódź', '(82)909-44-55'),
('875-78-99-257', 'ul. Na Wrzosach 30/1', '30-822', 'Sosnowiec', '(96)652-71-91'),
('878-54-69-780', 'ul. ładna 2 ', '31-444', 'Opole', '(26)268-63-41'),
('878-85-22-561', 'ul. Salwatorska 14', '30-109', 'Gdańsk', '(62)149-81-95'),
('879-34-78-513', 'ul. Powsta ców 52', '31-418', 'Poznań', '(51)433-84-85'),
('879-69-47-936', 'ul. Przemysłowa 12', '30-701', 'Opole', '(23)945-46-96'),
('881-300-13-40', 'ul. Powsta ców 52', '14-494', 'Koszalin ', '(11)488-62-25'),
('882-26-57-268', 'ul. Sieroszewskiego 1', '31-914', 'Koszalin', '(67)612-92-77'),
('884-92-11-707', 'ul. Starowiślna 16', '31-032', 'Łódź', '(78)614-57-50'),
('890-68-29-297', 'ul. Moniuszki 26a', '31-523', 'Rzeszów', '(21)595-88-40'),
('893-34-78-194', 'os. Młodości 8', '31-908', 'Wrocław', '(36)132-15-47'),
('897-296-17-47', 'ul. Białopr dnicka 16', '53-944', 'Gołdap ', '(49)447-40-67'),
('897-522-30-94', 'ul Halszki 37/28A', '32-999', 'Siemirowice ', '(60)693-21-55'),
('898-26-90-745', 'ul. Kalwaryjska 51/5', '30-504', 'Olsztyn', '(40)196-75-51'),
('898-606-61-76', 'os. Krakowiaków 45A/14', '28-176', 'Brygada WOP Białystok', '(11)871-67-45'),
('899-24-25-245', 'ul. Skośna 18', '30-383', 'Kielce', '(16)884-29-33'),
('900-53-44-376', 'ul. Na Kozłówce 4A/82', '30-664', 'Warszawa', '(51)212-76-74'),
('902-609-57-65', 'ul. K rzywda 1', '18-841', 'Kraków - Rząska', '(46)346-35-69'),
('906-13-61-618', 'al. Słowackiego 39', '31-159', 'Warszawa', '(49)652-90-78'),
('907-560-96-52', 'ul. Sosnowiecka 89', '53-186', 'Złocieniec ', '(70)509-55-28'),
('907-75-48-103', 'ul. Ujastek 1', '30-969', 'Katowice', '(28)836-41-70'),
('908-30-41-111', 'ul. łużycka 65/140', '30-658', 'Gdynia', '(62)986-84-83'),
('908-35-44-389', 'ul. Półłanki 78', '30-740', 'Łódź', '(81)210-13-31'),
('910-285-26-81', 'ul. Wybickiego 3 A', '80-334', 'Wesoła ', '(62)986-27-50'),
('913-36-51-124', 'ul. Teligi 8', '30-835', 'Rzeszów', '(23)231-68-98'),
('914-743-73-97', 'ul. Mostowa 4', '55-881', 'Warszawa ', '(52)584-31-37'),
('915-55-22-128', 'ul. Zabłocie 7', '30-701', 'Kielce', '(18)568-48-49'),
('916-671-60-90', 'ul. Budziszy ska 1', '86-558', 'Katowice ', '(20)502-65-56'),
('917-93-55-122', 'os. Bohaterów Września 60', '31-621', 'Sopot', '(65)651-61-21'),
('919-62-53-499', 'ul. Lea 210', '30-133', 'Częstochowa', '(99)898-74-11'),
('920-160-92-27', 'ul. Celna 9', '48-545', 'Lębork ', '(68)155-92-53'),
('922-213-87-40', 'ul. Okólna 11/26', '77-125', 'Bytom', '(80)291-75-96'),
('922-23-67-968', 'ul Paderewskiego 4/7', '31-157', 'Włocławek', '(87)461-50-35'),
('924-80-73-639', 'ul. Makuszyńskiego 24', '31-752', 'Poznań', '(53)140-33-15'),
('925-96-33-430', 'ul. Makuszyńskiego 18', '31-752', 'Kielce', '(17)889-94-28'),
('927-580-55-47', 'ul. K pielowa 70', '14-545', 'Zegrze Pomorskie ', '(48)144-76-46'),
('928-211-21-67', 'ul. Pocieszka 5', '32-453', 'Czerwieńsk', '(46)976-69-57'),
('931-53-21-499', 'ul. Ks. W. Turka 8/43', '30-718', 'Kraków', '(11)597-19-62'),
('936-883-57-69', 'ul. Brzozowa 17', '75-233', 'Gryfice ', '(14)589-14-24'),
('938-75-90-724', 'ul. Lipowa 4', '30-702', 'Wrocław', '(37)202-32-68'),
('938-992-71-88', 'Ul. Zabłocie 23', '63-258', 'Opole ', '(70)706-62-33'),
('942-801-83-85', 'ul.Niepokalanej Panny Marii 90', '58-152', 'Warszawa ', '(10)647-35-28'),
('943-25-81-530', 'ul. Józefińska 14', '30-529', 'Białystok', '(57)828-69-71'),
('952-58-45-358', 'ul. łowińskiego 2', '31-752', 'Opole', '(24)386-84-46'),
('956-267-13-70', 'ul. Mackiewicza 5', '88-109', 'Mrzeżyno ', '(10)655-72-18'),
('958-83-24-712', 'ul. Romanowicza 2', '30-702', 'Gdańsk', '(59)258-50-55'),
('963-622-17-75', 'ul. Bociana 6', '69-546', 'Dobre nad Kwisą ', '(45)677-47-18'),
('963-84-81-592', 'ul. Lubla ska 34', '31-476', 'Wieluń', '(71)341-84-55'),
('966-348-53-91', 'ul. Sokorki 21B', '46-725', 'Poznań ', '(88)241-67-37'),
('970-263-65-67', 'ul. Wadowicka 12', '66-297', 'Ostróda ', '(84)711-64-44'),
('971-13-24-919', 'ul. Wybickiego 5', '31-261', 'Wrocław', '(37)307-90-20'),
('971-191-86-96', 'ul. Tytusa Czyzewskiego 1', '67-459', 'Oleszno ', '(22)763-33-75'),
('980-525-85-46', 'ul. Prudnicka 63', '92-597', 'Ustka', '(61)319-77-96'),
('980-96-86-307', 'ul. Jabłonkowska 17/35', '30-139', 'Kielce', '(20)100-19-53'),
('982-162-64-87', 'ul. Kamienna 10', '55-767', 'Kożuchów', '(44)733-13-12'),
('986-44-32-656', 'ul. Bociana 22', '31-231', 'Rzeszów', '(22)261-84-40'),
('986-57-28-940', 'ul. łowińskiego 9/32', '31-752', 'Opole', '(24)576-76-74'),
('988-148-27-51', 'ul. łokietka 352', '31-861', 'Radom ', '(45)324-44-82'),
('988-533-44-32', 'ul. Miodowa 9', '92-640', 'Bolesławiec ', '(87)388-22-39'),
('989-92-13-172', 'ul. Brzask 43', '30-381', 'Olsztyn', '(40)745-85-58'),
('992-30-94-798', 'ul. Obrońców Modlina 4', '30-733', 'Kraków', '(13)620-16-23'),
('994-75-48-602', 'Plac Sikorskiego 2/8', '31-115', 'Sosnowiec', '(95)627-98-15'),
('994-87-35-114', 'ul. Tumanowicza 5', '31-341', 'Włocławek', '(87)606-85-80'),
('995-845-85-93', 'ul. Sanocka 11/61', '26-333', 'Oleśnica', '(25)317-92-35');

-- --------------------------------------------------------

--
-- Struktura tabeli dla tabeli `klienciindAM`
--

CREATE TABLE IF NOT EXISTS `klienciindAM` (
  `NIP` char(13) DEFAULT NULL,
  `Nazwisko` varchar(100) DEFAULT NULL,
  `imie` varchar(100) DEFAULT NULL,
  `pesel` char(11) NOT NULL DEFAULT '',
  PRIMARY KEY (`pesel`),
  KEY `NIP` (`NIP`)
) ENGINE=InnoDB DEFAULT CHARSET=utf8;

--
-- Zrzut danych tabeli `klienciindAM`
--

INSERT INTO `klienciindAM` (`NIP`, `Nazwisko`, `imie`, `pesel`) VALUES
('391-116-20-32', 'Kasperski', 'Rafał', '31023089895'),
('657-332-74-11', 'Rybski', 'Ryszard', '31072433961'),
('344-341-43-33', 'Bogdanowski', 'Andrzej', '31102077753'),
('628-290-24-61', 'Swoboda', 'Aleksander', '31111179685'),
('736-189-76-13', 'Mikuła', 'Henryk', '32060861923'),
('141-477-85-24', 'Rutkowski', 'Piotr', '32061368447'),
('116-716-84-16', 'Błaszyk', 'Jakub', '32061546336'),
('484-731-80-19', 'Kobylski', 'Nikola', '32062666411'),
('474-629-76-54', 'Makina', 'Paweł', '32071019422'),
('267-815-48-50', 'Szwamber', 'Daniel', '32080970237'),
('350-411-13-56', 'Zaręba', 'Damian', '32100536914'),
('701-660-11-18', 'Deska', 'Piotr', '32111286772'),
('358-957-43-83', 'Błażkiewicz', 'Wojciech', '32112726362'),
('682-511-12-43', 'Dobrysiak', 'Marian', '32121241670'),
('591-412-99-58', 'Sroka', 'Piotr', '33062033355'),
('244-796-72-66', 'Brydziński', 'Marcin', '33070883173'),
('417-583-84-66', 'Skonieczny', 'Jacek', '33072094810'),
('417-958-25-96', 'Borowski', 'Marek', '33092885062'),
('463-653-79-54', 'Sanecki', 'Paweł', '33100429430'),
('606-927-48-12', 'Najda', 'Łukasz', '33111438685'),
('738-579-86-50', 'Tylawski', 'Bogdan', '33122323614'),
('630-913-79-73', 'Draws', 'Tomasz', '34020330847'),
('357-886-11-32', 'Figura', 'Krzysztof', '34042185043'),
('819-763-32-89', 'Orawczak', 'Marek', '34051226060'),
('506-352-77-59', 'Nowakowski', 'Artur', '34081226958'),
('544-192-67-65', 'Pajkowski', 'Rafał', '34082376096'),
('576-344-88-82', 'Chmielecki', 'Radosław', '35011259981'),
('920-160-92-27', 'Derlatka', 'Roman', '35021752596'),
('523-866-85-50', 'Michalak', 'Sławomir', '35042574882'),
('592-585-66-45', 'Gogulski', 'Roman', '35050392847'),
('172-527-39-68', 'Sendor', 'Paweł', '35050576043'),
('172-560-13-84', 'Łuczak', 'Paweł', '36030738017'),
('488-887-29-21', 'Łukszo', 'Maciej', '36032843445'),
('539-108-24-71', 'Jarguz', 'Andrzej', '36050976974'),
('358-331-24-16', 'Rzeźnik', 'Bogdan', '36110736457'),
('728-448-43-23', 'Torczyk', 'Mariusz', '36121941165'),
('857-237-94-80', 'Wysocki', 'Piotr', '37060644823'),
('609-133-34-27', 'Kwiatkowski', 'Piotr', '37100958279'),
('245-913-40-78', 'Jurkowski', 'Artur', '37120219421'),
('624-526-79-48', 'Smok', 'Marek', '38011239734'),
('188-566-75-57', 'Gawin', 'Marcin', '38021279543'),
('542-189-57-61', 'Banasik', 'Marek', '38041630496'),
('648-853-23-76', 'Wojnarowicz', 'Andrzej', '38061216016'),
('354-458-61-58', 'Chudek', 'Daniel', '38061218943'),
('215-572-28-81', 'Swojak', 'Dariusz', '38071732486'),
('898-606-61-76', 'Szeląg', 'Marek', '38082399690'),
('971-191-86-96', 'Baraniak', 'Jakub', '38111370092'),
('752-223-88-50', 'Karalus', 'Jan', '39041029385'),
('239-870-13-27', 'Chmielewski', 'Dariusz', '39042335240'),
('325-743-37-14', 'Trojan', 'Artur', '39063060221'),
('907-560-96-52', 'Łukasik', 'Bartosz', '39080242935'),
('224-729-37-96', 'Kamiński', 'Wojciech', '39091644795'),
('662-199-47-63', 'Skowron', 'Piotr', '39110924113'),
('304-880-30-62', 'Goj', 'Grzegorz', '40022722162'),
('731-614-68-48', 'Krupa', 'Michał', '40040896126'),
('695-207-19-75', 'Szczepańczyk', 'Józef', '40050131168'),
('156-391-75-44', 'Sokołowski', 'Marcin', '40062836594'),
('490-119-84-46', 'Sommerfeld', 'Piotr', '40071274222'),
('267-630-95-68', 'Łapczynski', 'Józef', '40071863351'),
('799-592-51-41', 'Fuk', 'Sławomir', '40072214671'),
('980-525-85-46', 'Banaszczyk', 'Adam', '40082541737'),
('575-116-24-64', 'Przytuła', 'Radosław', '41081161290'),
('173-230-85-72', 'Romański', 'Maciej', '41091440633'),
('710-672-13-39', 'Palacz', 'Marek', '41120858178'),
('814-107-19-25', 'Kozek', 'Sylwester', '42021875043'),
('518-954-46-72', 'Bekker', 'Jacek', '42052297897'),
('446-977-13-82', 'Podhajski', 'Piotr', '42071367578'),
('682-715-49-15', 'Kuboń', 'Łukasz', '42080662794'),
('859-330-89-87', 'Derejski', 'Krzysztof', '42091058540'),
('537-425-73-72', 'Sikora', 'Bogdan', '42100695392'),
('768-641-21-21', 'Zaborowski', 'Paweł', '42120498425'),
('988-148-27-51', 'Mołas', 'Andrzej', '43032584986'),
('227-642-90-35', 'Rurarz', 'Jan', '43052136994'),
('401-727-86-88', 'Szlęzak', 'Tomasz', '43052490182'),
('334-724-76-88', 'Suchański', 'Artur', '43091143811'),
('942-801-83-85', 'Wielgolaski', 'Jacek', '43100923761'),
('467-923-35-26', 'Łężny', 'Adam', '43102172790'),
('834-858-93-61', 'Łupiński', 'Mariusz', '44012219457'),
('589-186-23-96', 'Mysłowski', 'Dariusz', '44060941458'),
('100-623-59-22', 'Goroś', 'Piotr', '44061765529'),
('580-408-39-86', 'Pożoga', 'Adam', '44062382078'),
('383-133-64-81', 'Kral', 'Damian', '44082711197'),
('223-111-92-42', 'Galas', 'Jędrzej', '45021132717'),
('743-810-62-50', 'Komorowski', 'Paweł', '45030687493'),
('245-289-70-27', 'Piątkowski', 'Tomasz', '45072745853'),
('816-386-55-20', 'Maciejewski', 'Piotr', '45100882929'),
('910-285-26-81', 'Strzop', 'Paweł', '45112581944'),
('916-671-60-90', 'Rzepka', 'Antoni', '46022969357'),
('324-113-20-82', 'Leszyński', 'Antoni', '46092189639'),
('938-992-71-88', 'Zak', 'Zbigniew', '46100422738'),
('112-417-55-14', 'Kubera', 'Mateusz', '46110438440'),
('415-895-49-28', 'Sadowski', 'Andrzej', '47020568936'),
('507-347-32-43', 'Czermiński', 'Marek', '47032445460'),
('722-717-56-35', 'Szafranowski', 'Leszek', '47052259364'),
('928-211-21-67', 'Grzonka', 'Krystian', '47061568819'),
('112-186-78-65', 'Berus', 'Rafał', '47101619862'),
('160-748-90-26', 'Daniec', 'Karol', '47102841430'),
('242-476-22-42', 'Odorowicz', 'Marcin', '48030523393'),
('881-300-13-40', 'Sochacki', 'Robert', '48030838631'),
('853-150-32-25', 'Anioł', 'Henryk', '48041294319'),
('756-352-64-42', 'Lewandowski', 'Daniel', '48041937621'),
('755-878-75-32', 'Dobrzański', 'Paweł', '48062088025'),
('914-743-73-97', 'Kaczmarczyk', 'Grzegorz', '48070436027'),
('416-546-40-82', 'Kotłowski', 'Stanisław', '48080734372'),
('288-304-80-16', 'Wierzbanowski', 'Marek', '48081168671'),
('391-536-88-57', 'Gajda', 'Ireneusz', '48100338862'),
('214-935-67-11', 'Jóźwiak', 'Jacek', '48101111113'),
('661-640-78-61', 'Musialik', 'Józef', '48102280337'),
('196-353-11-78', 'Zawalski', 'Marcin', '48102552791'),
('193-586-71-54', 'Walas', 'Robert', '48111068329'),
('691-565-81-46', 'Grzesik', 'Grzegorz', '49010298673'),
('436-767-98-17', 'Sęk', 'Tomasz', '49011465458'),
('739-980-78-55', 'Galiszkiewicz', 'Wiesław', '49031210645'),
('635-683-29-65', 'Zieliński', 'Piotr', '49031686068'),
('799-765-30-93', 'Styka', 'Łukasz', '49050612484'),
('956-267-13-70', 'Pracownik', 'Krzysztof', '49051687972'),
('139-516-27-51', 'Radzio', 'Artur', '49061292575'),
('437-953-64-78', 'Mioduszewski', 'Wojciech', '49062194975'),
('475-386-10-54', 'Jasik', 'Norbert', '49092626753'),
('101-294-43-23', 'Paszek', 'Dariusz', '50020671653'),
('377-680-44-90', 'Kubica', 'Dariusz', '50031577018'),
('703-854-22-63', 'Wojda', 'Mariusz', '50041431273'),
('271-265-34-55', 'Regliński', 'Mirosław', '50043034912'),
('643-825-39-75', 'Koc', 'Kamil', '50071189188'),
('547-388-43-46', 'Brdys', 'Ireneusz', '50071578177'),
('709-443-10-64', 'Tomalski', 'Marek', '50111693410'),
('198-282-95-23', 'Poskuta', 'Ryszard', '51011651498'),
('375-314-34-60', 'Sochacki', 'Dawid', '51023024944'),
('897-296-17-47', 'Timoszyk', 'Waldemar', '51031726849'),
('692-113-21-33', 'Słabik', 'Dariusz', '51051159232'),
('695-731-44-92', 'Langer', 'Tomasz', '51081255965'),
('922-213-87-40', 'Tomczak', 'Robert', '51081364189'),
('812-468-90-46', 'Krajewski', 'Leszek', '51090740248'),
('100-214-42-50', 'Rusek', 'Paweł', '51111200987'),
('897-522-30-94', 'Zwarycz', 'Krzysztof', '51112869891'),
('279-344-21-55', 'Dąbrowski', 'Marek', '52031522896'),
('834-448-56-67', 'Jankowski', 'Mariusz', '52032021433'),
('351-124-39-40', 'Kowalczyk', 'Artur', '52042643736'),
('428-931-31-98', 'Duran', 'Robert', '52062057169'),
('164-751-93-73', 'Krawczyk', 'Marek', '52082866493'),
('427-452-25-41', 'Jakociuk', 'Jerzy', '52091141424'),
('215-225-84-26', 'Kijora', 'Łukasz', '52101359997'),
('664-755-58-55', 'Ciereszko', 'Marek', '52111039120'),
('574-668-70-29', 'Pawelec', 'Radek', '53022585370'),
('819-497-14-46', 'Gabrisch', 'Ferdinand', '53072582619'),
('563-271-65-20', 'Koltun', 'Ryszard', '53100885043'),
('523-829-84-96', 'Panczuk', 'Roman', '54031086467'),
('285-680-95-24', 'Małecki', 'Bartłomiej', '54061521067'),
('652-507-25-70', 'Więcław', 'Paweł', '54071031271'),
('855-280-33-61', 'Rutkowski', 'Lesław', '54111453155'),
('240-678-94-80', 'Zosgórnik', 'Krzysztof', '55021828249'),
('988-533-44-32', 'Wysoczański', 'Jarosław', '55070635686'),
('366-355-14-38', 'Koterla', 'Krzysztof', '55071385125'),
('995-845-85-93', 'Wojtkowiak', 'Tomasz', '55100225729'),
('414-441-57-34', 'Kania', 'Marek', '55100837829'),
('264-989-18-98', 'Sawkiewicz', 'Rafał', '55112712535'),
('927-580-55-47', 'Strus', 'Konstanty', '56021124163'),
('865-196-19-66', 'Krauze', 'Wiesław', '56022812383'),
('519-554-99-43', 'Jasiński', 'Jarosław', '56040523666'),
('703-202-65-12', 'Mrowiński', 'Grzegorz', '56040893496'),
('411-585-62-69', 'Machera', 'Mirosław', '56052745366'),
('362-857-83-46', 'Sztucki', 'Jacek', '56071274474'),
('963-622-17-75', 'Bosek', 'Adrian', '56080478463'),
('537-647-44-18', 'Ziemba', 'Krzysztof', '56101942539'),
('936-883-57-69', 'Powaga', 'Adam', '56110496283'),
('253-150-22-20', 'Rychert', 'Jarosław', '56112096718'),
('522-314-38-51', 'Procel', 'Dawid', '57010575839'),
('970-263-65-67', 'Kopania', 'Robert', '57010878597'),
('600-692-47-33', 'Kowalewski', 'Krystian', '57040775248'),
('136-814-48-18', 'Malec', 'Janusz', '57061294930'),
('304-360-95-97', 'Nawrocki', 'Krzysztof', '57071311117'),
('223-971-29-20', 'Kuś', 'Jerzy', '57080237530'),
('155-620-95-67', 'Cieśla', 'Wiesław', '58021735073'),
('713-703-89-63', 'Borski', 'Ireneusz', '58030411476'),
('615-269-20-34', 'Dolat', 'Przemysław', '58041639744'),
('806-392-33-63', 'Fudała', 'Paweł', '58041825294'),
('503-889-46-41', 'Sabat', 'Janusz', '58112847746'),
('779-690-32-37', 'Dera', 'Adrian', '59021971078'),
('322-596-77-22', 'Paczynski', 'Henryk', '59042842699'),
('139-699-19-34', 'Nowakowski', 'Piotr', '59050878421'),
('611-547-16-58', 'Cebula', 'Damian', '59060452381'),
('409-388-54-63', 'Mazurek', 'Ryszard', '59062533117'),
('723-509-78-35', 'świtek', 'Robert', '59102313532'),
('356-459-33-33', 'Piła', 'Paweł', '59121818524'),
('966-348-53-91', 'Ptak', 'Karol', '59122788748'),
('902-609-57-65', 'Morawski', 'Władysław', '60021515437'),
('805-597-95-59', 'Ogrzewalski', 'Zbigniew', '60030963177'),
('653-658-82-94', 'Bultrowicz', 'Bartosz', '60052050690'),
('982-162-64-87', 'Zwierzyk', 'Zbigniew', '60061956131'),
('735-256-60-64', 'Góralczyk', 'Wojciech', '60103052768'),
('277-745-33-18', 'Pilarski', 'Radosław', '61011868149'),
('821-516-13-11', 'Kucharski', 'Ireneusz', '61020990148'),
('733-797-60-31', 'Jakubowski', 'Andrzej', '61021573286'),
('447-767-29-16', 'Sławomir', 'Rosiak', '61022658693'),
('559-817-32-88', 'Wiszniewski', 'Damian', '61030997773'),
('599-425-80-83', 'Stramowski', 'Waldemar', '61072146439'),
('765-587-44-49', 'Kamiński', 'Zdzisław', '61101839417');

-- --------------------------------------------------------

--
-- Struktura tabeli dla tabeli `szczegolyAM`
--

CREATE TABLE IF NOT EXISTS `szczegolyAM` (
  `NrFaktury` varchar(15) NOT NULL DEFAULT '',
  `IdTowaru` int(11) NOT NULL,
  `ilosc` double DEFAULT NULL,
  `cena` double DEFAULT NULL,
  PRIMARY KEY (`NrFaktury`,`IdTowaru`)
) ENGINE=InnoDB DEFAULT CHARSET=utf8;

--
-- Zrzut danych tabeli `szczegolyAM`
--

INSERT INTO `szczegolyAM` (`NrFaktury`, `IdTowaru`, `ilosc`, `cena`) VALUES
('F1/2003', 47, 2, 209.02),
('F1/2003', 99, 2, 340.1),
('F1/2004', 91, 3, 453.9),
('F1/2004', 93, 3, 122.1),
('F1/2004', 206, 2, 720.4),
('F1/2004', 214, 2, 474.5),
('F1/2004', 362, 2, 720.4),
('F1/2006', 81, 3, 236.8),
('F1/2006', 347, 3, 389.3),
('F1/2007', 14, 3, 900.82),
('F1/2007', 345, 2, 220.4),
('F1/2008', 108, 2, 122.1),
('F1/2008', 378, 2, 179.5),
('F10/2004', 15, 2, 1064.75),
('F10/2004', 180, 1, 195),
('F10/2004', 291, 3, 72.9),
('F10/2004', 336, 2, 204),
('F10/2006', 32, 2, 245.08),
('F10/2006', 109, 3, 135.2),
('F10/2006', 322, 7, 277.8),
('F10/2007', 159, 1, 72.9),
('F10/2007', 277, 2, 122.1),
('F10/2008', 285, 3, 130.3),
('F10/2008', 384, 2, 89.3),
('F100/2003', 213, 1, 638.5),
('F100/2003', 367, 2, 736.8),
('F100/2004', 258, 3, 36.8),
('F100/2004', 310, 1, 146.7),
('F100/2006', 331, 3, 179.5),
('F100/2006', 381, 1, 581.1),
('F100/2008', 46, 1, 159.84),
('F100/2008', 326, 1, 110.6),
('F101/2003', 59, 2, 654.92),
('F101/2003', 355, 3, 831.9),
('F101/2004', 34, 2, 277.87),
('F101/2004', 181, 3, 433.6),
('F101/2006', 227, 8, 540.1),
('F101/2006', 290, 10, 36.8),
('F102/2003', 222, 4, 564.7),
('F102/2003', 360, 3, 900.8),
('F102/2004', 211, 5, 425.4),
('F102/2004', 324, 1, 581.1),
('F102/2006', 71, 3, 376.2),
('F102/2006', 101, 2, 122.1),
('F102/2006', 299, 1, 64.7),
('F103/2003', 212, 2, 376.2),
('F103/2003', 318, 2, 171.3),
('F103/2004', 136, 1, 892.6),
('F103/2004', 329, 1, 818.8),
('F103/2006', 40, 1, 499.18),
('F103/2006', 44, 2, 376.23),
('F104/2003', 75, 2, 159.8),
('F104/2003', 90, 1, 425.4),
('F104/2006', 122, 3, 302.4),
('F104/2006', 371, 3, 269.6),
('F105/2003', 346, 1, 241),
('F105/2003', 352, 1, 728.6),
('F105/2004', 226, 9, 482.7),
('F105/2004', 377, 2, 368),
('F105/2006', 138, 2, 154.9),
('F105/2006', 250, 1, 212),
('F106/2003', 80, 2, 204),
('F106/2003', 93, 1, 122.1),
('F106/2004', 17, 3, 97.54),
('F106/2004', 23, 1, 302.46),
('F106/2006', 49, 3, 200.82),
('F106/2006', 331, 1, 179.5),
('F107/2003', 113, 2, 294.2),
('F107/2003', 259, 1, 102.4),
('F107/2004', 16, 1, 72.95),
('F107/2004', 221, 12, 581.1),
('F108/2003', 58, 2, 458.2),
('F108/2003', 259, 2, 102.4),
('F108/2004', 99, 1, 340.1),
('F108/2004', 264, 1, 72.9),
('F109/2003', 65, 10, 184.4),
('F109/2003', 255, 3, 581.1),
('F109/2004', 23, 2, 302.46),
('F109/2004', 190, 2, 692.6),
('F11/2003', 49, 1, 200.82),
('F11/2003', 120, 3, 282.7),
('F11/2004', 153, 3, 23.7),
('F11/2004', 247, 1, 72.9),
('F11/2004', 274, 4, 45),
('F11/2004', 319, 1, 171.3),
('F11/2006', 55, 1, 335.25),
('F11/2006', 378, 8, 179.5),
('F11/2007', 104, 2, 184.4),
('F11/2007', 208, 8, 884.4),
('F11/2007', 254, 2, 490.9),
('F11/2008', 101, 2, 122.1),
('F11/2008', 233, 3, 900.8),
('F11/2008', 239, 2, 1302.4),
('F110/2003', 304, 6, 31.9),
('F110/2003', 351, 3, 679.5),
('F110/2004', 42, 2, 695.9),
('F110/2004', 129, 11, 187),
('F111/2003', 53, 2, 261.48),
('F111/2003', 175, 3, 72.9),
('F111/2004', 81, 1, 236.8),
('F111/2004', 333, 2, 433.6),
('F112/2003', 60, 1, 630.33),
('F112/2003', 315, 11, 209),
('F113/2003', 116, 1, 122.1),
('F113/2003', 238, 2, 1015.5),
('F113/2004', 171, 3, 72.9),
('F113/2004', 226, 12, 482.7),
('F114/2003', 38, 3, 433.61),
('F114/2003', 304, 2, 31.9),
('F114/2004', 62, 3, 151.6),
('F114/2004', 292, 3, 130.3),
('F115/2003', 195, 3, 581.1),
('F115/2003', 329, 2, 818.8),
('F115/2004', 60, 1, 630.33),
('F115/2004', 358, 1, 490.9),
('F116/2003', 93, 1, 122.1),
('F116/2003', 202, 3, 613.9),
('F116/2003', 363, 3, 1228.6),
('F116/2004', 127, 2, 236.8),
('F116/2004', 322, 3, 277.8),
('F117/2003', 128, 3, 113.9),
('F117/2003', 134, 7, 482.7),
('F117/2004', 68, 12, 245),
('F117/2004', 321, 4, 307.3),
('F118/2003', 201, 3, 736.8),
('F118/2003', 258, 1, 36.8),
('F118/2004', 91, 3, 453.9),
('F118/2004', 197, 3, 482.7),
('F119/2003', 21, 3, 245.08),
('F119/2003', 309, 1, 102.4),
('F119/2004', 77, 2, 146.7),
('F119/2004', 345, 4, 220.4),
('F12/2003', 3, 10, 151.64),
('F12/2003', 327, 4, 187),
('F12/2004', 19, 3, 179.51),
('F12/2004', 353, 10, 589.3),
('F12/2004', 368, 1, 487),
('F12/2004', 382, 3, 589.3),
('F12/2006', 250, 1, 212),
('F12/2006', 263, 2, 64.7),
('F12/2007', 290, 3, 36.8),
('F12/2007', 300, 3, 20.4),
('F12/2008', 96, 2, 184.4),
('F12/2008', 226, 7, 482.7),
('F120/2003', 8, 4, 487.7),
('F120/2003', 84, 12, 458),
('F120/2004', 221, 1, 581.1),
('F120/2004', 241, 1, 23.7),
('F121/2003', 128, 12, 113.9),
('F121/2003', 268, 3, 327),
('F121/2004', 46, 3, 159.84),
('F121/2004', 328, 1, 266.3),
('F122/2003', 238, 3, 1015.5),
('F122/2003', 369, 2, 523.7),
('F122/2004', 13, 11, 769.67),
('F122/2004', 309, 3, 102.4),
('F123/2003', 193, 3, 545),
('F123/2003', 219, 12, 553.2),
('F123/2004', 177, 3, 48.3),
('F123/2004', 363, 2, 1228.6),
('F124/2003', 93, 3, 122.1),
('F124/2003', 189, 1, 671.3),
('F124/2004', 174, 2, 40.1),
('F124/2004', 239, 1, 1302.4),
('F125/2003', 54, 9, 277.87),
('F125/2003', 189, 1, 671.3),
('F125/2004', 209, 3, 909),
('F125/2004', 210, 5, 1105.7),
('F125/2004', 352, 6, 728.6),
('F126/2003', 80, 1, 204),
('F126/2003', 382, 3, 589.3),
('F126/2004', 276, 2, 105.7),
('F126/2004', 382, 3, 589.3),
('F127/2003', 118, 8, 171.3),
('F127/2003', 237, 2, 900.8),
('F127/2004', 97, 3, 217.2),
('F127/2004', 307, 2, 72.9),
('F128/2003', 18, 1, 154.92),
('F128/2003', 317, 3, 154.9),
('F128/2004', 151, 10, 48.3),
('F128/2004', 168, 2, 409),
('F129/2003', 258, 1, 36.8),
('F129/2003', 334, 2, 105.7),
('F129/2004', 107, 1, 359.8),
('F129/2004', 184, 1, 409),
('F129/2004', 292, 2, 130.3),
('F13/2003', 5, 1, 225.41),
('F13/2003', 127, 1, 236.8),
('F13/2004', 84, 2, 458),
('F13/2004', 130, 1, 286),
('F13/2004', 162, 9, 220.4),
('F13/2004', 345, 10, 220.4),
('F13/2006', 119, 2, 184.4),
('F13/2006', 371, 2, 269.6),
('F13/2007', 120, 1, 282.7),
('F13/2007', 327, 1, 187),
('F13/2008', 229, 9, 613.9),
('F13/2008', 304, 2, 31.9),
('F130/2003', 24, 8, 384.43),
('F130/2003', 119, 2, 184.4),
('F130/2004', 141, 1, 192.6),
('F130/2004', 291, 1, 72.9),
('F131/2003', 87, 2, 25),
('F131/2003', 383, 2, 95),
('F131/2004', 304, 2, 31.9),
('F131/2004', 351, 7, 679.5),
('F132/2003', 119, 1, 184.4),
('F132/2003', 287, 2, 195),
('F132/2004', 64, 11, 163.1),
('F132/2004', 161, 1, 163.1),
('F133/2003', 202, 3, 613.9),
('F133/2003', 217, 1, 622.1),
('F133/2004', 144, 1, 359.8),
('F133/2004', 320, 1, 204),
('F134/2003', 248, 3, 105.7),
('F134/2003', 316, 3, 282.7),
('F134/2004', 147, 11, 1023.7),
('F134/2004', 276, 3, 105.7),
('F135/2003', 19, 1, 179.51),
('F135/2003', 233, 1, 900.8),
('F135/2004', 46, 3, 159.84),
('F135/2004', 98, 1, 245),
('F136/2003', 110, 3, 146.7),
('F136/2003', 231, 3, 695),
('F136/2004', 73, 1, 548.3),
('F136/2004', 329, 3, 818.8),
('F137/2003', 198, 1, 556.5),
('F137/2003', 348, 9, 269.6),
('F137/2004', 64, 2, 163.1),
('F137/2004', 74, 3, 581.1),
('F138/2003', 148, 11, 1474.5),
('F138/2003', 319, 2, 171.3),
('F138/2004', 51, 9, 310.66),
('F138/2004', 318, 3, 171.3),
('F139/2003', 28, 7, 540.16),
('F139/2003', 183, 3, 384.4),
('F139/2004', 124, 3, 458),
('F139/2004', 282, 3, 318.8),
('F14/2003', 274, 2, 45),
('F14/2003', 275, 3, 81.1),
('F14/2004', 25, 2, 433.61),
('F14/2004', 122, 2, 302.4),
('F14/2004', 161, 2, 163.1),
('F14/2004', 180, 3, 195),
('F14/2006', 155, 3, 61.4),
('F14/2006', 172, 1, 138.5),
('F14/2007', 40, 3, 499.18),
('F14/2007', 233, 1, 900.8),
('F14/2008', 66, 3, 225.4),
('F14/2008', 198, 3, 556.5),
('F140/2003', 89, 3, 310.6),
('F140/2003', 184, 1, 409),
('F140/2004', 7, 2, 397.54),
('F140/2004', 189, 1, 671.3),
('F141/2003', 242, 2, 122.1),
('F141/2003', 384, 2, 89.3),
('F141/2004', 111, 1, 179.5),
('F141/2004', 154, 3, 36.8),
('F142/2003', 139, 1, 184.4),
('F142/2003', 229, 5, 613.9),
('F142/2004', 59, 1, 654.92),
('F142/2004', 380, 4, 110.6),
('F143/2003', 135, 3, 581.1),
('F143/2003', 190, 3, 692.6),
('F143/2003', 203, 2, 692.6),
('F143/2004', 56, 4, 327.05),
('F143/2004', 313, 1, 154.9),
('F144/2003', 58, 2, 458.2),
('F144/2003', 259, 1, 102.4),
('F144/2004', 306, 1, 94.2),
('F144/2004', 336, 2, 204),
('F145/2003', 141, 3, 192.6),
('F145/2003', 190, 3, 692.6),
('F145/2004', 140, 1, 507.3),
('F145/2004', 263, 1, 64.7),
('F146/2003', 93, 1, 122.1),
('F146/2003', 328, 2, 266.3),
('F146/2004', 183, 1, 384.4),
('F146/2004', 367, 3, 736.8),
('F147/2003', 148, 3, 1474.5),
('F147/2003', 345, 3, 220.4),
('F147/2004', 13, 2, 769.67),
('F147/2004', 228, 3, 613.9),
('F148/2003', 43, 3, 184.43),
('F148/2003', 85, 2, 179.5),
('F148/2004', 21, 5, 245.08),
('F148/2004', 48, 1, 184.43),
('F149/2003', 271, 11, 53.2),
('F149/2003', 315, 1, 209),
('F149/2004', 15, 1, 1064.75),
('F149/2004', 85, 3, 179.5),
('F149/2004', 102, 11, 135.2),
('F15/2003', 130, 11, 286),
('F15/2003', 381, 5, 581.1),
('F15/2004', 101, 3, 122.1),
('F15/2004', 221, 3, 581.1),
('F15/2004', 232, 3, 810.6),
('F15/2004', 294, 3, 154.9),
('F15/2004', 377, 6, 368),
('F15/2006', 100, 1, 11),
('F15/2006', 159, 3, 72.9),
('F15/2006', 368, 3, 487),
('F15/2007', 272, 1, 28.6),
('F15/2007', 315, 9, 209),
('F15/2008', 66, 7, 225.4),
('F15/2008', 130, 3, 286),
('F150/2003', 188, 2, 545),
('F150/2003', 314, 5, 171.3),
('F150/2004', 213, 6, 638.5),
('F150/2004', 297, 3, 31.9),
('F151/2003', 25, 3, 433.61),
('F151/2003', 264, 2, 72.9),
('F151/2004', 35, 3, 310.66),
('F151/2004', 185, 1, 466.3),
('F152/2003', 83, 2, 318.8),
('F152/2003', 148, 1, 1474.5),
('F152/2004', 76, 1, 195),
('F152/2004', 120, 2, 282.7),
('F153/2003', 38, 2, 433.61),
('F153/2003', 224, 3, 733.6),
('F153/2004', 118, 4, 171.3),
('F153/2004', 186, 1, 441),
('F154/2003', 60, 1, 630.33),
('F154/2003', 297, 8, 31.9),
('F154/2004', 131, 3, 45),
('F154/2004', 336, 11, 204),
('F155/2003', 15, 2, 1064.75),
('F155/2003', 243, 3, 130.3),
('F155/2004', 282, 3, 318.8),
('F155/2004', 302, 8, 7.3),
('F156/2003', 178, 1, 81.1),
('F156/2003', 268, 1, 327),
('F156/2004', 352, 2, 728.6),
('F156/2004', 367, 2, 736.8),
('F157/2003', 57, 2, 376.23),
('F157/2003', 340, 3, 294.2),
('F157/2004', 2, 2, 146.72),
('F157/2004', 53, 2, 261.48),
('F158/2003', 90, 3, 425.4),
('F158/2003', 279, 11, 204),
('F158/2004', 177, 3, 48.3),
('F158/2004', 215, 3, 482.7),
('F159/2003', 341, 3, 433.6),
('F159/2003', 375, 2, 433.6),
('F159/2004', 186, 1, 441),
('F159/2004', 260, 1, 4),
('F16/2003', 22, 2, 269.67),
('F16/2003', 322, 2, 277.8),
('F16/2004', 91, 3, 453.9),
('F16/2004', 344, 2, 146.7),
('F16/2004', 356, 1, 179.5),
('F16/2004', 372, 2, 433.6),
('F16/2006', 175, 3, 72.9),
('F16/2006', 300, 3, 20.4),
('F16/2007', 162, 3, 220.4),
('F16/2007', 378, 3, 179.5),
('F16/2008', 132, 2, 236.8),
('F16/2008', 304, 1, 31.9),
('F160/2003', 187, 1, 474.5),
('F160/2003', 247, 3, 72.9),
('F160/2004', 4, 7, 184.43),
('F160/2004', 267, 3, 81.1),
('F161/2003', 204, 1, 692.6),
('F161/2003', 289, 1, 28.6),
('F161/2003', 354, 3, 720.4),
('F161/2004', 2, 3, 146.72),
('F161/2004', 177, 1, 48.3),
('F162/2003', 31, 10, 253.28),
('F162/2003', 143, 3, 318.8),
('F162/2003', 384, 3, 89.3),
('F162/2004', 24, 2, 384.43),
('F162/2004', 385, 1, 130.3),
('F163/2003', 58, 7, 458.2),
('F163/2003', 86, 3, 212),
('F163/2004', 35, 3, 310.66),
('F163/2004', 108, 2, 122.1),
('F164/2003', 39, 2, 441.8),
('F164/2003', 340, 1, 294.2),
('F165/2003', 58, 1, 458.2),
('F165/2003', 95, 3, 151.6),
('F165/2004', 291, 1, 72.9),
('F165/2004', 374, 3, 343.4),
('F166/2003', 99, 1, 340.1),
('F166/2003', 323, 1, 405.7),
('F166/2003', 344, 1, 146.7),
('F166/2004', 321, 2, 307.3),
('F166/2004', 366, 3, 540.1),
('F167/2003', 3, 1, 151.64),
('F167/2003', 297, 3, 31.9),
('F167/2004', 314, 2, 171.3),
('F167/2004', 382, 2, 589.3),
('F168/2003', 59, 2, 654.92),
('F168/2003', 200, 2, 515.5),
('F168/2004', 126, 1, 236.8),
('F168/2004', 127, 3, 236.8),
('F169/2003', 242, 2, 122.1),
('F169/2003', 299, 6, 64.7),
('F169/2004', 69, 6, 310.6),
('F169/2004', 229, 3, 613.9),
('F17/2003', 248, 2, 105.7),
('F17/2003', 249, 2, 154.9),
('F17/2004', 8, 3, 487.7),
('F17/2004', 55, 2, 335.25),
('F17/2004', 129, 8, 187),
('F17/2004', 232, 3, 810.6),
('F17/2006', 153, 1, 23.7),
('F17/2006', 362, 1, 720.4),
('F17/2007', 330, 3, 245),
('F17/2007', 343, 8, 171.3),
('F17/2008', 48, 3, 184.43),
('F17/2008', 364, 2, 1556.5),
('F170/2003', 35, 2, 310.66),
('F170/2003', 221, 2, 581.1),
('F170/2004', 109, 6, 135.2),
('F170/2004', 277, 3, 122.1),
('F171/2003', 100, 3, 11),
('F171/2003', 104, 1, 184.4),
('F171/2003', 114, 3, 343.4),
('F171/2003', 205, 1, 786),
('F172/2003', 109, 1, 135.2),
('F172/2003', 260, 1, 4),
('F173/2003', 61, 2, 745.08),
('F173/2003', 188, 1, 545),
('F174/2003', 213, 3, 638.5),
('F174/2003', 377, 3, 368),
('F175/2003', 199, 3, 589.3),
('F175/2003', 348, 3, 269.6),
('F176/2003', 131, 1, 45),
('F176/2003', 251, 1, 228.6),
('F177/2003', 138, 3, 154.9),
('F177/2003', 284, 2, 97.5),
('F178/2003', 304, 2, 31.9),
('F178/2003', 322, 3, 277.8),
('F179/2003', 253, 3, 368),
('F179/2003', 353, 2, 589.3),
('F18/2003', 169, 2, 36.8),
('F18/2003', 219, 1, 553.2),
('F18/2004', 12, 3, 282.7),
('F18/2004', 45, 3, 515.57),
('F18/2004', 120, 3, 282.7),
('F18/2004', 192, 2, 504),
('F18/2007', 44, 8, 376.23),
('F18/2007', 338, 2, 433.6),
('F18/2008', 247, 8, 72.9),
('F18/2008', 379, 1, 572.9),
('F180/2003', 141, 1, 192.6),
('F180/2003', 256, 2, 544),
('F181/2003', 3, 11, 151.64),
('F181/2003', 28, 3, 540.16),
('F182/2003', 103, 3, 151.6),
('F182/2003', 140, 1, 507.3),
('F182/2003', 194, 3, 561.4),
('F183/2003', 21, 3, 245.08),
('F183/2003', 32, 2, 245.08),
('F183/2003', 268, 3, 327),
('F184/2003', 70, 3, 261.4),
('F184/2003', 387, 3, 122.1),
('F185/2003', 6, 1, 261.48),
('F185/2003', 297, 8, 31.9),
('F186/2003', 233, 4, 900.8),
('F186/2003', 349, 3, 318.8),
('F187/2003', 42, 3, 695.9),
('F187/2003', 276, 4, 105.7),
('F188/2003', 165, 11, 236.8),
('F188/2003', 307, 1, 72.9),
('F189/2003', 239, 4, 1302.4),
('F189/2003', 370, 1, 1007.3),
('F19/2003', 7, 2, 397.54),
('F19/2003', 204, 3, 692.6),
('F19/2003', 215, 7, 482.7),
('F19/2004', 67, 2, 299.1),
('F19/2004', 304, 8, 31.9),
('F19/2004', 345, 2, 220.4),
('F19/2004', 361, 2, 425.4),
('F19/2006', 123, 3, 384.4),
('F19/2006', 375, 1, 433.6),
('F19/2007', 60, 2, 630.33),
('F19/2007', 251, 11, 228.6),
('F19/2008', 195, 3, 581.1),
('F19/2008', 386, 1, 97.5),
('F190/2003', 198, 3, 556.5),
('F190/2003', 206, 9, 720.4),
('F190/2003', 310, 7, 146.7),
('F191/2003', 11, 2, 876.23),
('F191/2003', 173, 3, 187),
('F192/2003', 39, 2, 441.8),
('F192/2003', 77, 3, 146.7),
('F193/2003', 280, 2, 159.8),
('F193/2003', 336, 3, 204),
('F194/2003', 37, 1, 400.82),
('F194/2003', 363, 2, 1228.6),
('F195/2003', 2, 1, 146.72),
('F195/2003', 332, 1, 245),
('F196/2003', 254, 2, 490.9),
('F196/2003', 365, 3, 384.4),
('F197/2003', 84, 3, 458),
('F197/2003', 147, 1, 1023.7),
('F198/2003', 193, 11, 545),
('F198/2003', 323, 8, 405.7),
('F199/2003', 58, 3, 458.2),
('F199/2003', 301, 12, 5.7),
('F2/2003', 116, 4, 122.1),
('F2/2003', 159, 1, 72.9),
('F2/2004', 52, 2, 454.92),
('F2/2004', 66, 3, 225.4),
('F2/2004', 232, 8, 810.6),
('F2/2004', 385, 2, 130.3),
('F2/2006', 282, 3, 318.8),
('F2/2006', 355, 3, 831.9),
('F2/2007', 1, 1, 118.85),
('F2/2007', 126, 3, 195),
('F2/2008', 123, 1, 384.4),
('F2/2008', 236, 10, 810.6),
('F20/2003', 12, 11, 635.25),
('F20/2003', 215, 3, 482.7),
('F20/2004', 95, 2, 151.6),
('F20/2004', 102, 8, 135.2),
('F20/2004', 121, 2, 261.4),
('F20/2004', 348, 3, 269.6),
('F20/2004', 355, 3, 831.9),
('F20/2006', 72, 1, 441),
('F20/2006', 273, 2, 36.8),
('F20/2007', 204, 3, 692.6),
('F20/2007', 300, 5, 20.4),
('F20/2007', 350, 2, 433.6),
('F20/2008', 28, 1, 540.16),
('F20/2008', 92, 2, 111.1),
('F200/2003', 5, 10, 225.41),
('F200/2003', 284, 3, 97.5),
('F201/2003', 57, 3, 376.23),
('F201/2003', 97, 11, 217.2),
('F202/2003', 258, 3, 36.8),
('F202/2003', 291, 2, 72.9),
('F203/2003', 228, 9, 613.9),
('F203/2003', 384, 3, 89.3),
('F204/2003', 153, 1, 23.7),
('F204/2003', 250, 1, 212),
('F205/2003', 102, 3, 135.2),
('F205/2003', 144, 1, 359.8),
('F205/2003', 274, 2, 45),
('F206/2003', 71, 3, 376.2),
('F206/2003', 211, 2, 425.4),
('F207/2003', 63, 1, 195),
('F207/2003', 64, 1, 163.1),
('F208/2003', 12, 2, 635.25),
('F208/2003', 126, 13, 195),
('F209/2003', 34, 2, 277.87),
('F209/2003', 154, 3, 36.8),
('F21/2003', 113, 3, 294.2),
('F21/2003', 331, 2, 179.5),
('F21/2004', 3, 5, 151.64),
('F21/2004', 159, 1, 72.9),
('F21/2004', 195, 1, 581.1),
('F21/2004', 228, 2, 613.9),
('F21/2006', 313, 3, 154.9),
('F21/2006', 330, 2, 245),
('F21/2007', 197, 1, 482.7),
('F21/2007', 199, 3, 589.3),
('F21/2008', 126, 1, 195),
('F21/2008', 371, 3, 269.6),
('F210/2003', 186, 3, 441),
('F210/2003', 350, 11, 433.6),
('F211/2003', 27, 6, 490.98),
('F211/2003', 362, 2, 720.4),
('F212/2003', 92, 7, 111.1),
('F212/2003', 177, 1, 48.3),
('F213/2003', 198, 3, 556.5),
('F213/2003', 350, 2, 433.6),
('F214/2003', 33, 6, 261.48),
('F214/2003', 78, 2, 195),
('F214/2003', 179, 3, 97.5),
('F215/2003', 160, 2, 130.3),
('F215/2003', 355, 2, 831.9),
('F216/2003', 18, 1, 154.92),
('F216/2003', 94, 1, 143.4),
('F217/2003', 118, 1, 171.3),
('F217/2003', 156, 2, 48.3),
('F217/2003', 209, 1, 909),
('F218/2003', 82, 2, 261.4),
('F218/2003', 102, 6, 135.2),
('F218/2003', 289, 2, 28.6),
('F219/2003', 32, 2, 245.08),
('F219/2003', 326, 2, 110.6),
('F219/2003', 342, 1, 168),
('F22/2003', 159, 3, 72.9),
('F22/2003', 354, 2, 720.4),
('F22/2004', 65, 10, 184.4),
('F22/2004', 68, 2, 245),
('F22/2004', 234, 2, 1064.7),
('F22/2004', 324, 9, 581.1),
('F22/2006', 8, 1, 487.7),
('F22/2006', 215, 1, 482.7),
('F22/2007', 283, 3, 77.8),
('F22/2007', 382, 3, 589.3),
('F22/2008', 25, 6, 433.61),
('F22/2008', 302, 1, 7.3),
('F220/2003', 228, 2, 613.9),
('F220/2003', 255, 2, 581.1),
('F221/2003', 81, 1, 236.8),
('F221/2003', 230, 3, 663.1),
('F222/2003', 3, 1, 151.64),
('F222/2003', 141, 2, 192.6),
('F223/2003', 229, 1, 613.9),
('F223/2003', 370, 2, 1007.3),
('F224/2003', 48, 2, 184.43),
('F224/2003', 195, 9, 581.1),
('F225/2003', 112, 1, 204),
('F225/2003', 201, 1, 736.8),
('F226/2003', 125, 1, 113.9),
('F226/2003', 359, 2, 548.3),
('F227/2003', 199, 6, 589.3),
('F227/2003', 261, 1, 20.4),
('F228/2003', 66, 1, 225.4),
('F228/2003', 284, 2, 97.5),
('F23/2003', 23, 3, 302.46),
('F23/2003', 178, 2, 81.1),
('F23/2004', 23, 3, 302.46),
('F23/2004', 88, 1, 253.2),
('F23/2004', 238, 3, 1015.5),
('F23/2004', 285, 3, 130.3),
('F23/2006', 129, 1, 187),
('F23/2006', 327, 3, 187),
('F23/2007', 246, 13, 56.5),
('F23/2007', 345, 1, 220.4),
('F23/2008', 29, 2, 179.51),
('F23/2008', 231, 3, 695),
('F230/2003', 92, 11, 111.1),
('F230/2003', 292, 10, 130.3),
('F231/2003', 73, 6, 548.3),
('F231/2003', 204, 9, 692.6),
('F231/2003', 208, 3, 884.4),
('F232/2003', 7, 1, 397.54),
('F232/2003', 288, 7, 236.8),
('F233/2003', 92, 2, 111.1),
('F233/2003', 287, 2, 195),
('F234/2003', 230, 4, 663.1),
('F234/2003', 262, 1, 53.2),
('F235/2003', 342, 3, 168),
('F235/2003', 361, 1, 425.4),
('F236/2003', 161, 1, 163.1),
('F236/2003', 281, 2, 195),
('F237/2003', 84, 3, 458),
('F237/2003', 146, 1, 613.9),
('F238/2003', 1, 1, 118.85),
('F238/2003', 30, 3, 212.3),
('F239/2003', 116, 12, 122.1),
('F239/2003', 168, 2, 409),
('F24/2003', 71, 6, 376.2),
('F24/2003', 105, 9, 261.4),
('F24/2003', 222, 2, 564.7),
('F24/2004', 48, 3, 184.43),
('F24/2004', 183, 2, 384.4),
('F24/2004', 192, 3, 504),
('F24/2004', 246, 3, 56.5),
('F24/2006', 180, 11, 195),
('F24/2006', 276, 11, 105.7),
('F24/2007', 250, 9, 212),
('F24/2007', 337, 2, 286),
('F24/2008', 30, 3, 212.3),
('F24/2008', 253, 4, 368),
('F240/2003', 224, 2, 733.6),
('F240/2003', 355, 3, 831.9),
('F241/2003', 348, 4, 269.6),
('F241/2003', 366, 3, 540.1),
('F242/2003', 200, 2, 515.5),
('F242/2003', 372, 2, 433.6),
('F243/2003', 148, 1, 1474.5),
('F243/2003', 171, 9, 72.9),
('F244/2003', 166, 2, 245),
('F244/2003', 291, 2, 72.9),
('F245/2003', 249, 2, 154.9),
('F245/2003', 334, 2, 105.7),
('F246/2003', 244, 6, 163.1),
('F246/2003', 377, 3, 368),
('F247/2003', 187, 3, 474.5),
('F247/2003', 300, 3, 20.4),
('F248/2003', 157, 2, 81.1),
('F248/2003', 197, 4, 482.7),
('F249/2003', 322, 1, 277.8),
('F249/2003', 333, 12, 433.6),
('F25/2003', 354, 1, 720.4),
('F25/2003', 370, 2, 1007.3),
('F25/2004', 88, 13, 253.2),
('F25/2004', 110, 1, 146.7),
('F25/2004', 162, 3, 220.4),
('F25/2004', 243, 3, 130.3),
('F25/2006', 220, 2, 507.3),
('F25/2006', 233, 2, 900.8),
('F25/2007', 137, 8, 110.6),
('F25/2007', 258, 3, 36.8),
('F25/2008', 3, 1, 151.64),
('F25/2008', 255, 1, 581.1),
('F250/2003', 251, 3, 228.6),
('F250/2003', 266, 1, 72.9),
('F251/2003', 337, 3, 286),
('F251/2003', 362, 2, 720.4),
('F252/2003', 167, 4, 286),
('F252/2003', 318, 2, 171.3),
('F253/2003', 184, 4, 409),
('F253/2003', 272, 7, 28.6),
('F254/2003', 155, 3, 61.4),
('F254/2003', 248, 1, 105.7),
('F255/2003', 3, 10, 151.64),
('F255/2003', 101, 3, 122.1),
('F255/2003', 273, 3, 36.8),
('F256/2003', 165, 11, 236.8),
('F256/2003', 227, 2, 540.1),
('F257/2003', 88, 3, 253.2),
('F257/2003', 248, 1, 105.7),
('F258/2003', 48, 2, 184.43),
('F258/2003', 306, 1, 94.2),
('F259/2003', 42, 3, 695.9),
('F259/2003', 69, 2, 310.6),
('F26/2003', 22, 3, 269.67),
('F26/2003', 225, 2, 490.9),
('F26/2004', 29, 3, 179.51),
('F26/2004', 132, 12, 236.8),
('F26/2004', 197, 1, 482.7),
('F26/2004', 297, 2, 31.9),
('F26/2006', 59, 2, 654.92),
('F26/2006', 347, 6, 389.3),
('F26/2007', 113, 6, 294.2),
('F26/2007', 251, 4, 228.6),
('F26/2008', 47, 3, 209.02),
('F26/2008', 81, 1, 236.8),
('F260/2003', 252, 11, 310.6),
('F260/2003', 359, 7, 548.3),
('F261/2003', 103, 2, 151.6),
('F261/2003', 141, 5, 192.6),
('F261/2003', 186, 2, 441),
('F262/2003', 23, 1, 302.46),
('F262/2003', 79, 3, 171.3),
('F263/2003', 35, 3, 310.66),
('F263/2003', 52, 2, 454.92),
('F264/2003', 142, 3, 212),
('F264/2003', 262, 1, 53.2),
('F265/2003', 123, 3, 384.4),
('F265/2003', 126, 2, 195),
('F266/2003', 123, 3, 384.4),
('F266/2003', 346, 2, 241),
('F267/2003', 45, 2, 515.57),
('F267/2003', 259, 11, 102.4),
('F268/2003', 152, 6, 89.3),
('F268/2003', 276, 1, 105.7),
('F269/2003', 29, 2, 179.51),
('F269/2003', 143, 3, 318.8),
('F27/2003', 104, 2, 184.4),
('F27/2003', 208, 3, 884.4),
('F27/2003', 376, 1, 589.3),
('F27/2004', 68, 1, 245),
('F27/2004', 265, 2, 168),
('F27/2004', 336, 1, 204),
('F27/2004', 349, 3, 318.8),
('F27/2006', 35, 1, 310.66),
('F27/2006', 125, 2, 113.9),
('F27/2007', 119, 4, 184.4),
('F27/2007', 384, 10, 89.3),
('F27/2008', 193, 7, 545),
('F27/2008', 386, 7, 97.5),
('F270/2003', 105, 1, 261.4),
('F270/2003', 296, 3, 28.6),
('F270/2003', 384, 1, 89.3),
('F271/2003', 133, 1, 302.4),
('F271/2003', 274, 2, 45),
('F272/2003', 69, 3, 310.6),
('F272/2003', 184, 2, 409),
('F273/2003', 140, 2, 507.3),
('F273/2003', 210, 3, 1105.7),
('F274/2003', 162, 4, 220.4),
('F274/2003', 295, 2, 23.7),
('F275/2003', 259, 3, 102.4),
('F275/2003', 386, 2, 97.5),
('F276/2003', 160, 1, 130.3),
('F276/2003', 230, 7, 663.1),
('F277/2003', 198, 10, 556.5),
('F277/2003', 293, 3, 113.9),
('F279/2003', 70, 2, 261.4),
('F279/2003', 111, 3, 179.5),
('F279/2003', 209, 1, 909),
('F28/2003', 250, 2, 212),
('F28/2003', 284, 11, 97.5),
('F28/2004', 34, 3, 277.87),
('F28/2004', 208, 4, 884.4),
('F28/2004', 226, 1, 482.7),
('F28/2004', 317, 3, 154.9),
('F28/2004', 333, 3, 433.6),
('F28/2006', 8, 2, 487.7),
('F28/2006', 245, 2, 48.3),
('F28/2007', 79, 2, 171.3),
('F28/2007', 132, 3, 236.8),
('F28/2008', 173, 1, 187),
('F28/2008', 177, 3, 48.3),
('F280/2003', 335, 1, 154.9),
('F280/2003', 336, 2, 204),
('F281/2003', 92, 3, 111.1),
('F281/2003', 105, 1, 261.4),
('F281/2003', 195, 3, 581.1),
('F282/2003', 249, 2, 154.9),
('F282/2003', 353, 2, 589.3),
('F283/2003', 318, 2, 171.3),
('F283/2003', 353, 3, 589.3),
('F284/2003', 83, 3, 318.8),
('F284/2003', 279, 8, 204),
('F285/2003', 152, 2, 89.3),
('F285/2003', 274, 5, 45),
('F286/2003', 236, 1, 810.6),
('F286/2003', 281, 3, 195),
('F287/2003', 184, 1, 409),
('F287/2003', 307, 1, 72.9),
('F288/2003', 197, 2, 482.7),
('F288/2003', 210, 1, 1105.7),
('F289/2003', 2, 2, 146.72),
('F289/2003', 181, 10, 433.6),
('F29/2003', 110, 3, 146.7),
('F29/2003', 319, 1, 171.3),
('F29/2004', 21, 3, 245.08),
('F29/2004', 226, 1, 482.7),
('F29/2004', 231, 6, 695),
('F29/2004', 323, 1, 405.7),
('F29/2006', 60, 3, 630.33),
('F29/2006', 310, 3, 146.7),
('F29/2007', 146, 2, 613.9),
('F29/2007', 182, 13, 368),
('F290/2003', 245, 1, 48.3),
('F290/2003', 296, 3, 28.6),
('F291/2003', 32, 2, 245.08),
('F291/2003', 173, 1, 187),
('F291/2003', 306, 10, 94.2),
('F292/2003', 60, 3, 630.33),
('F292/2003', 323, 2, 405.7),
('F293/2003', 195, 1, 581.1),
('F293/2003', 310, 3, 146.7),
('F294/2003', 41, 1, 605.74),
('F294/2003', 147, 1, 1023.7),
('F295/2003', 51, 1, 310.66),
('F295/2003', 305, 1, 31.9),
('F296/2003', 311, 9, 159.8),
('F296/2003', 313, 3, 154.9),
('F297/2003', 116, 2, 122.1),
('F297/2003', 208, 1, 884.4),
('F297/2003', 239, 3, 1302.4),
('F298/2003', 226, 3, 482.7),
('F298/2003', 318, 1, 171.3),
('F299/2003', 29, 3, 179.51),
('F299/2003', 153, 3, 23.7),
('F3/2003', 196, 7, 753.2),
('F3/2003', 258, 2, 36.8),
('F3/2004', 7, 1, 548.3),
('F3/2004', 73, 8, 548.3),
('F3/2004', 348, 2, 269.6),
('F3/2004', 352, 10, 728.6),
('F3/2006', 43, 7, 184.43),
('F3/2006', 201, 2, 736.8),
('F3/2007', 336, 2, 204),
('F3/2007', 346, 3, 241),
('F3/2008', 122, 3, 302.4),
('F3/2008', 192, 2, 504),
('F30/2003', 59, 3, 654.92),
('F30/2003', 150, 3, 31.9),
('F30/2004', 103, 2, 151.6),
('F30/2004', 134, 1, 482.7),
('F30/2004', 150, 3, 31.9),
('F30/2004', 317, 1, 154.9),
('F30/2004', 371, 2, 269.6),
('F30/2006', 358, 3, 490.9),
('F30/2006', 363, 9, 1228.6),
('F30/2007', 60, 7, 630.33),
('F30/2007', 282, 4, 318.8),
('F30/2008', 228, 1, 613.9),
('F30/2008', 348, 9, 269.6),
('F300/2003', 104, 2, 184.4),
('F300/2003', 206, 1, 720.4),
('F300/2003', 365, 2, 384.4),
('F301/2003', 262, 1, 53.2),
('F301/2003', 279, 2, 204),
('F302/2003', 97, 7, 217.2),
('F302/2003', 355, 3, 831.9),
('F303/2003', 72, 8, 441),
('F303/2003', 365, 6, 384.4),
('F304/2003', 316, 2, 282.7),
('F304/2003', 369, 1, 523.7),
('F305/2003', 18, 5, 154.92),
('F305/2003', 115, 2, 118.8),
('F306/2003', 78, 3, 195),
('F306/2003', 293, 2, 113.9),
('F307/2003', 5, 1, 225.41),
('F307/2003', 243, 2, 130.3),
('F308/2003', 216, 1, 556.5),
('F308/2003', 322, 3, 277.8),
('F309/2003', 233, 3, 900.8),
('F309/2003', 371, 5, 269.6),
('F31/2003', 160, 2, 130.3),
('F31/2003', 314, 3, 171.3),
('F31/2004', 31, 1, 253.28),
('F31/2004', 135, 2, 581.1),
('F31/2004', 178, 3, 81.1),
('F31/2004', 329, 3, 818.8),
('F31/2004', 337, 1, 286),
('F31/2006', 160, 3, 130.3),
('F31/2006', 239, 11, 1302.4),
('F31/2007', 63, 1, 195),
('F31/2007', 229, 3, 613.9),
('F31/2008', 16, 10, 72.95),
('F31/2008', 145, 12, 474.5),
('F310/2003', 36, 1, 318.85),
('F310/2003', 82, 8, 261.4),
('F311/2003', 107, 9, 359.8),
('F311/2003', 185, 4, 466.3),
('F311/2003', 321, 7, 307.3),
('F312/2003', 49, 1, 200.82),
('F312/2003', 377, 1, 368),
('F313/2003', 1, 2, 118.85),
('F313/2003', 309, 3, 102.4),
('F314/2003', 116, 3, 122.1),
('F314/2003', 246, 1, 56.5),
('F315/2003', 67, 3, 299.1),
('F315/2003', 90, 3, 425.4),
('F316/2003', 68, 3, 245),
('F316/2003', 194, 3, 561.4),
('F317/2003', 151, 3, 48.3),
('F317/2003', 203, 1, 692.6),
('F317/2003', 276, 1, 105.7),
('F318/2003', 78, 3, 195),
('F318/2003', 208, 3, 884.4),
('F318/2003', 383, 4, 95),
('F319/2003', 65, 2, 184.4),
('F319/2003', 175, 8, 72.9),
('F32/2003', 336, 1, 204),
('F32/2003', 340, 4, 294.2),
('F32/2004', 24, 2, 384.43),
('F32/2004', 92, 1, 111.1),
('F32/2004', 117, 3, 138.5),
('F32/2004', 330, 2, 245),
('F32/2006', 40, 2, 499.18),
('F32/2006', 306, 2, 94.2),
('F32/2007', 60, 2, 630.33),
('F32/2007', 213, 3, 638.5),
('F32/2008', 250, 3, 212),
('F32/2008', 269, 2, 613.9),
('F320/2003', 116, 2, 122.1),
('F320/2003', 283, 5, 77.8),
('F321/2003', 14, 3, 900.82),
('F321/2003', 91, 2, 453.9),
('F322/2003', 229, 1, 613.9),
('F322/2003', 259, 1, 102.4),
('F323/2003', 124, 2, 458),
('F323/2003', 162, 2, 220.4),
('F324/2003', 81, 3, 236.8),
('F324/2003', 382, 2, 589.3),
('F325/2003', 268, 2, 327),
('F325/2003', 328, 1, 266.3),
('F326/2003', 94, 3, 143.4),
('F326/2003', 362, 3, 720.4),
('F327/2003', 134, 2, 482.7),
('F327/2003', 152, 3, 89.3),
('F328/2003', 76, 3, 195),
('F328/2003', 377, 3, 368),
('F329/2003', 69, 10, 310.6),
('F329/2003', 295, 2, 23.7),
('F33/2003', 85, 2, 179.5),
('F33/2003', 276, 2, 105.7),
('F33/2004', 164, 2, 163.1),
('F33/2004', 213, 3, 638.5),
('F33/2004', 269, 2, 613.9),
('F33/2004', 317, 2, 154.9),
('F33/2006', 99, 7, 340.1),
('F33/2006', 335, 1, 154.9),
('F33/2007', 123, 1, 384.4),
('F33/2007', 135, 7, 581.1),
('F33/2008', 103, 2, 151.6),
('F33/2008', 219, 2, 553.2),
('F33/2008', 375, 1, 433.6),
('F330/2003', 32, 3, 245.08),
('F330/2003', 49, 3, 200.82),
('F330/2003', 324, 3, 581.1),
('F331/2003', 132, 3, 236.8),
('F331/2003', 369, 2, 523.7),
('F332/2003', 267, 3, 81.1),
('F332/2003', 307, 1, 72.9),
('F333/2003', 241, 3, 23.7),
('F333/2003', 250, 2, 212),
('F334/2003', 64, 1, 163.1),
('F334/2003', 269, 3, 613.9),
('F335/2003', 122, 1, 302.4),
('F335/2003', 365, 3, 384.4),
('F336/2003', 234, 3, 1064.7),
('F336/2003', 337, 2, 286),
('F337/2003', 140, 7, 507.3),
('F337/2003', 160, 3, 130.3),
('F338/2003', 256, 3, 544),
('F338/2003', 313, 3, 154.9),
('F339/2003', 45, 2, 515.57),
('F339/2003', 60, 2, 630.33),
('F34/2003', 33, 3, 261.48),
('F34/2003', 47, 3, 209.02),
('F34/2003', 209, 1, 909),
('F34/2004', 45, 2, 515.57),
('F34/2004', 325, 6, 105.7),
('F34/2004', 334, 2, 105.7),
('F34/2004', 365, 7, 384.4),
('F34/2006', 199, 2, 589.3),
('F34/2006', 268, 1, 327),
('F34/2007', 123, 8, 384.4),
('F34/2007', 184, 3, 409),
('F34/2007', 205, 3, 786),
('F34/2008', 54, 2, 277.87),
('F34/2008', 99, 2, 340.1),
('F340/2003', 12, 6, 635.25),
('F340/2003', 79, 1, 171.3),
('F341/2003', 228, 3, 613.9),
('F341/2003', 229, 4, 613.9),
('F342/2003', 7, 9, 397.54),
('F342/2003', 375, 1, 433.6),
('F343/2003', 108, 2, 122.1),
('F343/2003', 350, 1, 433.6),
('F344/2003', 112, 9, 204),
('F344/2003', 305, 3, 31.9),
('F345/2003', 13, 2, 769.67),
('F345/2003', 343, 3, 171.3),
('F346/2003', 80, 3, 204),
('F346/2003', 280, 1, 159.8),
('F348/2003', 39, 11, 441.8),
('F348/2003', 176, 2, 146.7),
('F349/2003', 361, 3, 425.4),
('F349/2003', 373, 1, 269.6),
('F35/2003', 37, 2, 400.82),
('F35/2003', 68, 3, 245),
('F35/2004', 101, 2, 122.1),
('F35/2004', 170, 1, 69.6),
('F35/2004', 253, 3, 368),
('F35/2004', 296, 3, 28.6),
('F35/2004', 355, 1, 831.9),
('F35/2006', 170, 2, 69.6),
('F35/2006', 216, 1, 556.5),
('F35/2007', 74, 3, 581.1),
('F35/2007', 151, 2, 48.3),
('F35/2008', 150, 8, 31.9),
('F35/2008', 252, 3, 310.6),
('F350/2003', 151, 3, 48.3),
('F350/2003', 202, 3, 613.9),
('F351/2003', 347, 1, 389.3),
('F351/2003', 363, 3, 1228.6),
('F352/2003', 96, 3, 184.4),
('F352/2003', 259, 3, 102.4),
('F353/2003', 17, 3, 97.54),
('F353/2003', 312, 3, 228.6),
('F354/2003', 32, 3, 245.08),
('F354/2003', 67, 8, 299.1),
('F354/2003', 172, 1, 138.5),
('F355/2003', 34, 2, 277.87),
('F355/2003', 208, 3, 884.4),
('F355/2003', 241, 11, 23.7),
('F356/2003', 66, 3, 225.4),
('F356/2003', 300, 8, 20.4),
('F357/2003', 266, 2, 72.9),
('F357/2003', 353, 3, 589.3),
('F358/2003', 185, 10, 466.3),
('F358/2003', 223, 1, 733.6),
('F359/2003', 4, 4, 184.43),
('F359/2003', 17, 2, 97.54),
('F36/2003', 106, 9, 302.4),
('F36/2003', 182, 1, 368),
('F36/2003', 358, 1, 490.9),
('F36/2004', 56, 3, 327.05),
('F36/2004', 112, 8, 204),
('F36/2004', 199, 1, 589.3),
('F36/2004', 275, 2, 81.1),
('F36/2006', 39, 1, 441.8),
('F36/2006', 141, 1, 192.6),
('F36/2007', 174, 2, 40.1),
('F36/2007', 265, 2, 168),
('F36/2008', 92, 2, 111.1),
('F36/2008', 198, 1, 556.5),
('F360/2003', 169, 3, 36.8),
('F360/2003', 264, 3, 72.9),
('F361/2003', 169, 2, 36.8),
('F361/2003', 323, 3, 405.7),
('F362/2003', 112, 10, 204),
('F362/2003', 344, 1, 146.7),
('F363/2003', 216, 1, 556.5),
('F363/2003', 218, 2, 474.5),
('F364/2003', 90, 1, 425.4),
('F364/2003', 315, 7, 209),
('F365/2003', 147, 2, 1023.7),
('F365/2003', 161, 1, 163.1),
('F366/2003', 303, 2, 4),
('F366/2003', 316, 11, 282.7),
('F367/2003', 224, 3, 733.6),
('F367/2003', 229, 2, 613.9),
('F368/2003', 133, 2, 302.4),
('F368/2003', 288, 2, 236.8),
('F369/2003', 130, 5, 286),
('F369/2003', 162, 2, 220.4),
('F37/2003', 157, 3, 81.1),
('F37/2003', 367, 2, 736.8),
('F37/2004', 66, 5, 225.4),
('F37/2004', 67, 3, 299.1),
('F37/2004', 227, 2, 540.1),
('F37/2004', 354, 1, 720.4),
('F37/2006', 274, 3, 45),
('F37/2006', 345, 3, 220.4),
('F37/2007', 32, 5, 245.08),
('F37/2007', 131, 10, 45),
('F37/2007', 155, 1, 61.4),
('F37/2008', 338, 2, 433.6),
('F37/2008', 345, 2, 220.4),
('F370/2003', 253, 3, 368),
('F370/2003', 348, 4, 269.6),
('F371/2003', 62, 3, 151.6),
('F371/2003', 143, 2, 318.8),
('F372/2003', 168, 9, 409),
('F372/2003', 267, 2, 81.1),
('F373/2003', 62, 2, 151.6),
('F373/2003', 268, 1, 327),
('F374/2003', 161, 13, 163.1),
('F374/2003', 189, 9, 671.3),
('F375/2003', 14, 8, 900.82),
('F375/2003', 261, 10, 20.4),
('F376/2003', 15, 2, 1064.75),
('F376/2003', 137, 3, 110.6),
('F377/2003', 20, 2, 212.3),
('F377/2003', 102, 3, 135.2),
('F377/2003', 344, 1, 146.7),
('F378/2003', 100, 1, 11),
('F378/2003', 313, 2, 154.9),
('F378/2003', 355, 1, 831.9),
('F379/2003', 41, 1, 605.74),
('F379/2003', 349, 9, 318.8),
('F38/2003', 13, 3, 769.67),
('F38/2003', 234, 1, 1064.7),
('F38/2004', 78, 3, 195),
('F38/2004', 161, 1, 163.1),
('F38/2004', 186, 7, 441),
('F38/2004', 351, 6, 679.5),
('F38/2006', 182, 1, 368),
('F38/2006', 354, 10, 720.4),
('F38/2007', 104, 11, 184.4),
('F38/2007', 131, 9, 45),
('F38/2007', 132, 1, 236.8),
('F38/2008', 22, 3, 269.67),
('F38/2008', 372, 3, 433.6),
('F380/2003', 50, 3, 261.48),
('F380/2003', 78, 3, 195),
('F381/2003', 136, 1, 892.6),
('F381/2003', 209, 1, 909),
('F381/2003', 281, 12, 195),
('F382/2003', 19, 1, 179.51),
('F382/2003', 253, 1, 368),
('F383/2003', 161, 12, 163.1),
('F383/2003', 171, 1, 72.9),
('F384/2003', 255, 3, 581.1),
('F384/2003', 278, 1, 159.8),
('F385/2003', 325, 11, 105.7),
('F385/2003', 345, 6, 220.4),
('F386/2003', 222, 2, 564.7),
('F386/2003', 287, 5, 195),
('F388/2003', 4, 2, 184.43),
('F388/2003', 256, 1, 544),
('F389/2003', 9, 3, 548.36),
('F389/2003', 254, 1, 490.9),
('F39/2003', 19, 2, 179.51),
('F39/2003', 294, 1, 154.9),
('F39/2004', 84, 1, 458),
('F39/2004', 140, 10, 507.3),
('F39/2004', 242, 3, 122.1),
('F39/2004', 276, 3, 105.7),
('F39/2006', 126, 6, 195),
('F39/2006', 292, 8, 130.3),
('F39/2007', 171, 6, 72.9),
('F39/2007', 258, 1, 36.8),
('F39/2008', 89, 12, 310.6),
('F39/2008', 353, 2, 589.3),
('F390/2003', 184, 5, 409),
('F390/2003', 208, 9, 884.4),
('F390/2003', 214, 2, 474.5),
('F391/2003', 46, 2, 159.84),
('F391/2003', 55, 3, 335.25),
('F391/2003', 204, 2, 692.6),
('F392/2003', 252, 2, 310.6),
('F392/2003', 342, 3, 168),
('F393/2003', 143, 2, 318.8),
('F393/2003', 277, 3, 122.1),
('F394/2003', 150, 1, 31.9),
('F394/2003', 251, 1, 228.6),
('F395/2003', 200, 3, 515.5),
('F395/2003', 283, 1, 77.8),
('F396/2003', 100, 3, 11),
('F396/2003', 196, 3, 753.2),
('F396/2003', 258, 9, 36.8),
('F397/2003', 25, 2, 433.61),
('F397/2003', 234, 2, 1064.7),
('F398/2003', 9, 1, 548.36),
('F398/2003', 311, 3, 159.8),
('F399/2003', 58, 7, 458.2),
('F399/2003', 339, 2, 327),
('F4/2003', 204, 2, 692.6),
('F4/2003', 239, 2, 1302.4),
('F4/2003', 324, 3, 581.1),
('F4/2004', 182, 1, 368),
('F4/2004', 194, 2, 561.4),
('F4/2004', 265, 1, 168),
('F4/2004', 371, 2, 269.6),
('F4/2006', 140, 1, 507.3),
('F4/2006', 336, 1, 204),
('F4/2007', 272, 3, 28.6),
('F4/2007', 312, 1, 228.6),
('F4/2008', 12, 1, 635.25),
('F4/2008', 373, 6, 269.6),
('F40/2003', 182, 7, 368),
('F40/2003', 207, 3, 95),
('F40/2003', 234, 2, 1064.7),
('F40/2004', 24, 1, 384.43),
('F40/2004', 30, 1, 212.3),
('F40/2004', 109, 1, 135.2),
('F40/2004', 342, 3, 168),
('F40/2006', 57, 10, 376.23),
('F40/2006', 332, 3, 245),
('F40/2007', 12, 5, 635.25),
('F40/2007', 332, 1, 245),
('F40/2008', 3, 3, 151.64),
('F40/2008', 297, 6, 31.9),
('F400/2003', 19, 2, 179.51),
('F400/2003', 216, 9, 556.5),
('F401/2003', 50, 1, 261.48),
('F401/2003', 248, 4, 105.7),
('F402/2003', 112, 1, 204),
('F402/2003', 370, 10, 1007.3),
('F403/2003', 140, 3, 507.3),
('F403/2003', 179, 8, 97.5),
('F404/2003', 179, 3, 97.5),
('F404/2003', 339, 2, 327),
('F405/2003', 228, 1, 613.9),
('F405/2003', 257, 2, 20.4),
('F406/2003', 105, 2, 261.4),
('F406/2003', 107, 3, 359.8),
('F406/2003', 157, 6, 81.1),
('F406/2003', 261, 2, 20.4),
('F407/2003', 189, 2, 671.3),
('F407/2003', 334, 6, 105.7),
('F408/2003', 89, 3, 310.6),
('F408/2003', 94, 3, 143.4),
('F409/2003', 305, 1, 31.9),
('F409/2003', 360, 3, 900.8),
('F41/2003', 64, 1, 163.1),
('F41/2003', 286, 5, 441),
('F41/2004', 2, 3, 146.72),
('F41/2004', 190, 2, 692.6),
('F41/2004', 259, 3, 102.4),
('F41/2004', 292, 1, 130.3),
('F41/2006', 30, 1, 212.3),
('F41/2006', 223, 3, 733.6),
('F41/2007', 169, 1, 36.8),
('F41/2007', 201, 2, 736.8),
('F41/2008', 117, 6, 138.5),
('F41/2008', 241, 3, 23.7),
('F411/2003', 221, 3, 581.1),
('F411/2003', 373, 10, 269.6),
('F412/2003', 183, 1, 384.4),
('F412/2003', 377, 1, 368),
('F413/2003', 186, 2, 441),
('F413/2003', 269, 2, 613.9),
('F414/2003', 172, 3, 138.5),
('F414/2003', 274, 2, 45),
('F415/2003', 101, 12, 122.1),
('F415/2003', 314, 5, 171.3),
('F415/2003', 369, 2, 523.7),
('F416/2003', 302, 1, 7.3),
('F416/2003', 377, 2, 368),
('F417/2003', 166, 7, 245),
('F417/2003', 363, 3, 1228.6),
('F418/2003', 10, 7, 613.93),
('F418/2003', 210, 2, 1105.7),
('F419/2003', 128, 1, 113.9),
('F419/2003', 195, 1, 581.1),
('F42/2003', 18, 13, 154.92),
('F42/2003', 179, 3, 97.5),
('F42/2004', 1, 9, 118.85),
('F42/2004', 135, 1, 581.1),
('F42/2004', 365, 3, 384.4),
('F42/2004', 386, 3, 97.5),
('F42/2006', 41, 8, 605.74),
('F42/2006', 371, 1, 269.6),
('F42/2007', 312, 2, 228.6),
('F42/2007', 346, 2, 241),
('F42/2008', 27, 2, 490.98),
('F42/2008', 106, 2, 302.4),
('F42/2008', 367, 3, 736.8),
('F420/2003', 34, 2, 277.87),
('F420/2003', 156, 1, 48.3),
('F421/2003', 98, 1, 245),
('F421/2003', 260, 1, 4),
('F422/2003', 212, 1, 376.2),
('F422/2003', 227, 1, 540.1),
('F423/2003', 345, 3, 220.4),
('F423/2003', 362, 3, 720.4),
('F424/2003', 79, 3, 171.3),
('F424/2003', 381, 2, 581.1),
('F425/2003', 248, 2, 105.7),
('F425/2003', 360, 10, 900.8),
('F426/2003', 66, 3, 225.4),
('F426/2003', 209, 2, 909),
('F427/2003', 251, 3, 228.6),
('F427/2003', 295, 2, 23.7),
('F428/2003', 58, 11, 458.2),
('F428/2003', 306, 3, 94.2),
('F429/2003', 257, 1, 20.4),
('F429/2003', 328, 2, 266.3),
('F43/2003', 75, 3, 159.8),
('F43/2003', 114, 1, 343.4),
('F43/2004', 2, 3, 146.72),
('F43/2004', 193, 1, 545),
('F43/2004', 265, 3, 168),
('F43/2004', 275, 2, 81.1),
('F43/2006', 39, 7, 441.8),
('F43/2006', 100, 1, 11),
('F43/2006', 245, 11, 48.3),
('F43/2007', 77, 1, 146.7),
('F43/2007', 371, 1, 269.6),
('F43/2008', 37, 8, 400.82),
('F43/2008', 130, 6, 286),
('F430/2003', 226, 6, 482.7),
('F430/2003', 230, 1, 663.1),
('F431/2003', 19, 2, 179.51),
('F431/2003', 148, 7, 1474.5),
('F432/2003', 91, 11, 453.9),
('F432/2003', 190, 1, 692.6),
('F433/2003', 238, 12, 1015.5),
('F433/2003', 246, 1, 56.5),
('F434/2003', 315, 3, 209),
('F434/2003', 368, 2, 487),
('F435/2003', 89, 1, 310.6),
('F435/2003', 299, 12, 64.7),
('F436/2003', 97, 3, 217.2),
('F436/2003', 229, 1, 613.9),
('F437/2003', 13, 1, 769.67),
('F437/2003', 368, 1, 487),
('F438/2003', 95, 3, 151.6),
('F438/2003', 135, 1, 581.1),
('F439/2003', 302, 3, 7.3),
('F439/2003', 307, 2, 72.9),
('F44/2003', 82, 3, 261.4),
('F44/2003', 171, 2, 72.9),
('F44/2004', 53, 9, 261.48),
('F44/2004', 338, 9, 433.6),
('F44/2004', 345, 2, 220.4),
('F44/2004', 358, 2, 490.9),
('F44/2006', 59, 2, 654.92),
('F44/2006', 269, 6, 613.9),
('F44/2007', 228, 3, 613.9),
('F44/2007', 231, 2, 695),
('F440/2003', 256, 1, 544),
('F440/2003', 300, 10, 20.4),
('F441/2003', 70, 2, 261.4),
('F441/2003', 232, 3, 810.6),
('F442/2003', 76, 1, 195),
('F442/2003', 283, 3, 77.8),
('F443/2003', 171, 2, 72.9),
('F443/2003', 217, 3, 622.1),
('F444/2003', 119, 9, 184.4),
('F444/2003', 286, 3, 441),
('F445/2003', 65, 1, 184.4),
('F445/2003', 211, 3, 425.4),
('F45/2003', 156, 1, 48.3),
('F45/2003', 387, 10, 122.1),
('F45/2004', 64, 1, 163.1),
('F45/2004', 198, 3, 556.5),
('F45/2004', 239, 2, 1302.4),
('F45/2004', 258, 7, 36.8),
('F45/2006', 60, 10, 630.33),
('F45/2006', 235, 2, 769.6),
('F45/2007', 174, 3, 40.1),
('F45/2007', 378, 3, 179.5),
('F45/2008', 370, 4, 1007.3),
('F45/2008', 386, 1, 97.5),
('F46/2003', 73, 3, 548.3),
('F46/2003', 228, 3, 613.9),
('F46/2004', 159, 3, 72.9),
('F46/2004', 174, 2, 40.1),
('F46/2004', 217, 8, 622.1),
('F46/2004', 324, 2, 581.1),
('F46/2006', 4, 3, 184.43),
('F46/2006', 147, 2, 1023.7),
('F46/2007', 111, 1, 179.5),
('F46/2007', 316, 6, 282.7),
('F46/2008', 131, 2, 45),
('F46/2008', 328, 1, 266.3),
('F47/2003', 296, 1, 28.6),
('F47/2003', 358, 2, 490.9),
('F47/2004', 27, 3, 490.98),
('F47/2004', 70, 1, 261.4),
('F47/2004', 88, 3, 253.2),
('F47/2004', 169, 2, 36.8),
('F47/2006', 238, 1, 1015.5),
('F47/2006', 256, 2, 544),
('F47/2007', 15, 1, 1064.75),
('F47/2007', 293, 5, 113.9),
('F47/2008', 55, 1, 335.25),
('F47/2008', 342, 3, 168),
('F48/2003', 173, 3, 187),
('F48/2003', 278, 1, 159.8),
('F48/2004', 141, 10, 192.6),
('F48/2004', 354, 1, 720.4),
('F48/2006', 68, 3, 245),
('F48/2006', 174, 1, 40.1),
('F48/2007', 65, 1, 184.4),
('F48/2007', 264, 8, 72.9),
('F48/2008', 250, 2, 212),
('F48/2008', 264, 1, 72.9),
('F49/2003', 113, 2, 294.2),
('F49/2003', 333, 2, 433.6),
('F49/2004', 55, 1, 335.25),
('F49/2004', 223, 9, 733.6),
('F49/2006', 62, 2, 151.6),
('F49/2006', 148, 1, 1474.5),
('F49/2007', 223, 1, 733.6),
('F49/2007', 301, 1, 5.7),
('F49/2008', 19, 10, 179.51),
('F49/2008', 230, 1, 663.1),
('F5/2003', 226, 2, 482.7),
('F5/2003', 232, 8, 810.6),
('F5/2004', 206, 2, 720.4),
('F5/2004', 230, 1, 663.1),
('F5/2004', 307, 2, 72.9),
('F5/2004', 339, 6, 327),
('F5/2004', 343, 3, 171.3),
('F5/2006', 309, 9, 102.4),
('F5/2006', 359, 3, 548.3),
('F5/2007', 155, 1, 61.4),
('F5/2007', 335, 3, 154.9),
('F5/2008', 59, 2, 654.92),
('F5/2008', 94, 1, 143.4),
('F50/2003', 82, 11, 261.4),
('F50/2003', 220, 1, 507.3),
('F50/2004', 229, 1, 613.9),
('F50/2004', 347, 1, 389.3),
('F50/2006', 150, 2, 31.9),
('F50/2006', 213, 1, 638.5),
('F50/2007', 21, 2, 245.08),
('F50/2007', 240, 3, 1405.8),
('F50/2008', 93, 3, 122.1),
('F50/2008', 273, 3, 36.8),
('F51/2003', 44, 3, 376.23),
('F51/2003', 219, 10, 553.2),
('F51/2004', 114, 2, 343.4),
('F51/2004', 260, 2, 4),
('F51/2006', 147, 1, 1023.7),
('F51/2006', 323, 8, 405.7),
('F51/2007', 87, 8, 25),
('F51/2007', 198, 7, 556.5),
('F51/2008', 279, 2, 204),
('F51/2008', 325, 3, 105.7),
('F52/2003', 83, 2, 318.8),
('F52/2003', 312, 3, 228.6),
('F52/2004', 70, 4, 261.4),
('F52/2004', 316, 1, 282.7),
('F52/2006', 247, 4, 72.9),
('F52/2006', 256, 3, 544),
('F52/2007', 12, 3, 635.25),
('F52/2007', 325, 3, 105.7),
('F52/2008', 199, 6, 589.3),
('F52/2008', 329, 2, 818.8),
('F53/2003', 93, 3, 122.1),
('F53/2003', 176, 7, 146.7),
('F53/2004', 131, 2, 45),
('F53/2004', 288, 1, 236.8),
('F53/2006', 210, 5, 1105.7),
('F53/2006', 349, 2, 318.8),
('F53/2007', 222, 1, 564.7),
('F53/2007', 296, 8, 28.6),
('F53/2008', 235, 1, 769.6),
('F53/2008', 305, 3, 31.9),
('F54/2003', 147, 1, 1023.7),
('F54/2003', 279, 2, 204),
('F54/2004', 18, 2, 154.92),
('F54/2004', 75, 3, 159.8),
('F54/2004', 203, 2, 692.6),
('F54/2006', 63, 9, 195),
('F54/2006', 99, 3, 340.1),
('F54/2007', 99, 1, 340.1),
('F54/2007', 227, 1, 540.1),
('F54/2008', 135, 2, 581.1),
('F54/2008', 161, 2, 163.1),
('F55/2003', 78, 1, 195),
('F55/2003', 327, 2, 187),
('F55/2004', 68, 3, 245),
('F55/2004', 323, 11, 405.7),
('F55/2006', 186, 2, 441),
('F55/2006', 371, 3, 269.6),
('F55/2007', 39, 3, 441.8),
('F55/2007', 361, 3, 425.4),
('F55/2008', 348, 1, 269.6),
('F55/2008', 373, 1, 269.6),
('F56/2003', 221, 1, 581.1),
('F56/2003', 338, 6, 433.6),
('F56/2004', 10, 4, 613.93),
('F56/2004', 97, 3, 217.2),
('F56/2004', 208, 10, 884.4),
('F56/2006', 120, 11, 282.7),
('F56/2006', 278, 2, 159.8),
('F56/2007', 34, 1, 277.87),
('F56/2007', 383, 1, 95),
('F56/2008', 188, 10, 545),
('F56/2008', 261, 2, 20.4),
('F57/2003', 145, 1, 474.5),
('F57/2003', 387, 3, 122.1),
('F57/2004', 67, 9, 299.1),
('F57/2004', 147, 2, 1023.7),
('F57/2006', 52, 1, 454.92),
('F57/2006', 273, 3, 36.8),
('F57/2007', 176, 2, 146.7),
('F57/2007', 179, 2, 97.5),
('F57/2008', 105, 1, 261.4),
('F57/2008', 223, 3, 733.6),
('F57/2008', 387, 1, 122.1),
('F58/2003', 256, 11, 544),
('F58/2003', 386, 3, 97.5),
('F58/2004', 77, 3, 146.7),
('F58/2004', 232, 1, 810.6),
('F58/2006', 65, 3, 184.4),
('F58/2006', 357, 1, 245),
('F58/2007', 39, 1, 441.8),
('F58/2007', 328, 3, 266.3),
('F58/2008', 168, 2, 409),
('F58/2008', 213, 5, 638.5),
('F59/2003', 63, 2, 195),
('F59/2003', 383, 2, 95),
('F59/2004', 119, 1, 184.4),
('F59/2004', 225, 1, 490.9),
('F59/2006', 151, 2, 48.3),
('F59/2006', 227, 2, 540.1),
('F59/2007', 88, 3, 253.2),
('F59/2007', 216, 2, 556.5),
('F59/2008', 173, 12, 187),
('F59/2008', 275, 2, 81.1),
('F6/2003', 115, 3, 118.8),
('F6/2003', 319, 3, 171.3),
('F6/2004', 6, 2, 261.48),
('F6/2004', 105, 3, 261.4),
('F6/2004', 111, 3, 179.5),
('F6/2004', 197, 3, 482.7),
('F6/2004', 335, 2, 154.9),
('F6/2006', 101, 9, 122.1),
('F6/2006', 105, 2, 261.4),
('F6/2006', 346, 5, 241),
('F6/2006', 365, 2, 384.4),
('F6/2007', 229, 4, 613.9),
('F6/2007', 380, 2, 110.6),
('F6/2008', 72, 2, 441),
('F6/2008', 297, 1, 31.9),
('F60/2003', 48, 12, 184.43),
('F60/2003', 318, 7, 171.3),
('F60/2004', 290, 8, 36.8),
('F60/2004', 383, 2, 95),
('F60/2006', 225, 2, 490.9),
('F60/2006', 298, 2, 36.8),
('F60/2007', 65, 7, 184.4),
('F60/2007', 242, 3, 122.1),
('F60/2008', 15, 1, 1064.75),
('F60/2008', 127, 3, 236.8),
('F61/2003', 48, 3, 184.43),
('F61/2003', 282, 2, 318.8),
('F61/2004', 164, 2, 163.1),
('F61/2004', 247, 1, 72.9),
('F61/2006', 157, 2, 81.1),
('F61/2006', 342, 1, 168),
('F61/2007', 134, 1, 482.7),
('F61/2007', 381, 2, 581.1),
('F61/2008', 50, 13, 261.48),
('F61/2008', 384, 2, 89.3),
('F62/2003', 107, 1, 359.8),
('F62/2003', 160, 2, 130.3),
('F62/2003', 253, 5, 368),
('F62/2004', 37, 2, 400.82),
('F62/2004', 261, 10, 20.4),
('F62/2006', 343, 2, 171.3),
('F62/2006', 353, 1, 589.3),
('F62/2007', 46, 3, 159.84),
('F62/2007', 231, 11, 695),
('F62/2008', 54, 4, 277.87),
('F62/2008', 102, 3, 135.2),
('F62/2008', 304, 2, 31.9),
('F63/2003', 164, 10, 163.1),
('F63/2003', 327, 2, 187),
('F63/2004', 55, 1, 335.25),
('F63/2004', 109, 1, 135.2),
('F63/2004', 205, 1, 786),
('F63/2006', 138, 3, 154.9),
('F63/2006', 155, 3, 61.4),
('F63/2007', 247, 4, 72.9),
('F63/2007', 336, 3, 204),
('F63/2008', 64, 1, 163.1),
('F63/2008', 205, 2, 786),
('F63/2008', 311, 2, 159.8),
('F64/2003', 40, 1, 499.18),
('F64/2003', 224, 2, 733.6),
('F64/2004', 307, 1, 72.9),
('F64/2004', 366, 10, 540.1),
('F64/2006', 170, 2, 69.6),
('F64/2006', 248, 8, 105.7),
('F64/2007', 65, 2, 184.4),
('F64/2007', 99, 2, 340.1),
('F64/2007', 293, 1, 113.9),
('F64/2008', 58, 12, 458.2),
('F64/2008', 117, 3, 138.5),
('F65/2003', 54, 11, 277.87),
('F65/2003', 242, 1, 122.1),
('F65/2004', 319, 11, 171.3),
('F65/2004', 320, 9, 204),
('F65/2006', 47, 2, 209.02),
('F65/2006', 171, 2, 72.9),
('F65/2007', 16, 3, 72.95),
('F65/2007', 153, 3, 23.7),
('F65/2008', 204, 3, 692.6),
('F65/2008', 219, 1, 553.2),
('F65/2008', 263, 3, 64.7),
('F66/2003', 2, 3, 146.72),
('F66/2003', 260, 1, 4),
('F66/2004', 38, 3, 433.61),
('F66/2004', 71, 3, 376.2),
('F66/2006', 246, 5, 56.5),
('F66/2006', 372, 13, 433.6),
('F66/2007', 26, 3, 466.39),
('F66/2007', 107, 5, 359.8),
('F66/2007', 373, 10, 269.6),
('F66/2008', 248, 3, 105.7),
('F66/2008', 300, 6, 20.4),
('F67/2003', 99, 3, 340.1),
('F67/2003', 315, 1, 209),
('F67/2004', 183, 1, 384.4),
('F67/2004', 275, 2, 81.1),
('F67/2006', 29, 10, 179.51),
('F67/2006', 166, 3, 245),
('F67/2007', 45, 3, 515.57),
('F67/2007', 297, 3, 31.9),
('F67/2008', 51, 3, 310.66),
('F67/2008', 256, 3, 544),
('F68/2003', 8, 3, 487.7),
('F68/2003', 266, 2, 72.9),
('F68/2004', 237, 1, 900.8),
('F68/2004', 331, 3, 179.5),
('F68/2006', 229, 3, 613.9),
('F68/2006', 303, 7, 4),
('F68/2007', 42, 3, 695.9),
('F68/2007', 340, 1, 294.2),
('F68/2008', 28, 6, 540.16),
('F68/2008', 206, 1, 720.4),
('F68/2008', 328, 2, 266.3),
('F69/2003', 30, 3, 212.3),
('F69/2003', 46, 1, 159.84),
('F69/2003', 252, 1, 310.6),
('F69/2004', 21, 2, 245.08),
('F69/2004', 187, 2, 474.5),
('F69/2006', 11, 2, 876.23),
('F69/2006', 63, 2, 195),
('F69/2008', 22, 1, 269.67),
('F69/2008', 43, 3, 184.43),
('F7/2003', 23, 1, 302.46),
('F7/2003', 114, 3, 343.4),
('F7/2004', 36, 2, 1556.5),
('F7/2004', 106, 3, 302.4),
('F7/2004', 356, 3, 179.5),
('F7/2004', 364, 3, 1556.5),
('F7/2004', 375, 1, 433.6),
('F7/2006', 18, 2, 154.92),
('F7/2006', 255, 6, 581.1),
('F7/2007', 68, 2, 245),
('F7/2007', 380, 1, 110.6),
('F7/2008', 145, 2, 474.5),
('F7/2008', 298, 1, 36.8),
('F70/2003', 21, 2, 245.08),
('F70/2003', 248, 3, 105.7),
('F70/2004', 82, 2, 261.4),
('F70/2004', 266, 10, 72.9),
('F70/2006', 98, 1, 245),
('F70/2006', 243, 3, 130.3),
('F70/2007', 9, 3, 548.36),
('F70/2007', 369, 1, 523.7),
('F70/2008', 152, 8, 89.3),
('F70/2008', 247, 5, 72.9),
('F71/2003', 85, 1, 179.5),
('F71/2003', 377, 1, 368),
('F71/2004', 80, 2, 204),
('F71/2004', 323, 1, 405.7),
('F71/2006', 199, 2, 589.3),
('F71/2006', 225, 3, 490.9),
('F71/2007', 103, 2, 151.6),
('F71/2007', 123, 8, 384.4),
('F71/2007', 155, 1, 61.4),
('F71/2008', 94, 3, 143.4),
('F71/2008', 363, 3, 1228.6),
('F72/2003', 119, 3, 184.4),
('F72/2003', 285, 1, 130.3),
('F72/2004', 30, 1, 212.3),
('F72/2004', 386, 1, 97.5),
('F72/2006', 7, 3, 397.54),
('F72/2006', 152, 3, 89.3),
('F72/2007', 268, 6, 327),
('F72/2007', 283, 2, 77.8),
('F72/2008', 140, 3, 507.3),
('F72/2008', 360, 1, 900.8),
('F73/2003', 68, 1, 245),
('F73/2003', 276, 3, 105.7),
('F73/2004', 106, 3, 302.4),
('F73/2004', 256, 1, 544),
('F73/2004', 345, 5, 220.4),
('F73/2006', 123, 3, 384.4),
('F73/2006', 334, 12, 105.7),
('F73/2007', 185, 1, 466.3),
('F73/2007', 330, 2, 245),
('F73/2008', 100, 1, 11),
('F73/2008', 266, 1, 72.9),
('F73/2008', 359, 1, 548.3),
('F74/2003', 69, 1, 310.6),
('F74/2003', 302, 1, 7.3),
('F74/2004', 261, 1, 20.4),
('F74/2004', 349, 3, 318.8),
('F74/2006', 85, 1, 179.5),
('F74/2006', 289, 2, 28.6),
('F74/2007', 108, 9, 122.1),
('F74/2007', 157, 9, 81.1),
('F74/2007', 328, 2, 266.3),
('F74/2008', 196, 2, 753.2),
('F74/2008', 202, 2, 613.9),
('F74/2008', 219, 1, 553.2),
('F75/2003', 75, 3, 159.8),
('F75/2003', 135, 1, 581.1),
('F75/2004', 235, 1, 769.6),
('F75/2004', 373, 3, 269.6),
('F75/2006', 32, 3, 245.08),
('F75/2006', 146, 1, 613.9),
('F75/2006', 189, 1, 671.3),
('F75/2007', 94, 2, 143.4),
('F75/2007', 218, 5, 474.5),
('F75/2008', 38, 2, 433.61),
('F75/2008', 200, 3, 515.5),
('F76/2003', 225, 3, 490.9),
('F76/2003', 357, 2, 245),
('F76/2004', 186, 2, 441),
('F76/2004', 229, 2, 613.9),
('F76/2006', 145, 3, 474.5),
('F76/2006', 289, 1, 28.6),
('F76/2007', 3, 2, 151.64),
('F76/2007', 102, 1, 135.2),
('F76/2007', 156, 2, 48.3),
('F76/2008', 27, 2, 490.98),
('F76/2008', 128, 5, 113.9),
('F77/2003', 27, 3, 490.98),
('F77/2003', 31, 3, 253.28),
('F77/2003', 238, 2, 1015.5),
('F77/2004', 281, 1, 195),
('F77/2004', 359, 2, 548.3),
('F77/2006', 113, 2, 294.2),
('F77/2006', 125, 6, 113.9),
('F77/2007', 49, 2, 200.82),
('F77/2007', 364, 2, 1556.5),
('F77/2008', 22, 7, 269.67),
('F77/2008', 83, 1, 318.8),
('F78/2003', 87, 2, 25),
('F78/2003', 151, 3, 48.3),
('F78/2004', 138, 4, 154.9),
('F78/2004', 261, 2, 20.4),
('F78/2006', 50, 2, 261.48),
('F78/2006', 357, 1, 245),
('F78/2007', 39, 1, 441.8),
('F78/2007', 312, 2, 228.6),
('F78/2008', 226, 3, 482.7),
('F78/2008', 309, 1, 102.4),
('F79/2003', 191, 2, 466.3),
('F79/2003', 197, 1, 482.7),
('F79/2003', 204, 1, 692.6),
('F79/2004', 231, 3, 695),
('F79/2004', 315, 2, 209),
('F79/2006', 29, 3, 179.51),
('F79/2006', 355, 1, 831.9),
('F79/2007', 240, 2, 1405.8),
('F79/2007', 254, 3, 490.9),
('F79/2008', 291, 1, 72.9),
('F79/2008', 367, 6, 736.8),
('F8/2003', 1, 5, 118.85),
('F8/2003', 319, 1, 171.3),
('F8/2004', 48, 1, 184.43),
('F8/2004', 109, 5, 135.2),
('F8/2004', 220, 3, 507.3),
('F8/2004', 277, 1, 122.1),
('F8/2006', 34, 3, 277.87),
('F8/2006', 154, 12, 36.8),
('F8/2006', 336, 2, 204),
('F8/2007', 162, 3, 220.4),
('F8/2007', 285, 2, 130.3),
('F8/2008', 273, 3, 36.8),
('F8/2008', 314, 10, 171.3),
('F80/2003', 21, 1, 245.08),
('F80/2003', 78, 1, 195),
('F80/2004', 116, 9, 122.1),
('F80/2004', 323, 3, 405.7),
('F80/2006', 164, 2, 163.1),
('F80/2006', 362, 2, 720.4),
('F80/2007', 238, 1, 1015.5),
('F80/2007', 322, 11, 277.8),
('F80/2008', 16, 3, 72.95),
('F80/2008', 111, 1, 179.5),
('F81/2003', 10, 2, 613.93),
('F81/2003', 123, 1, 384.4),
('F81/2004', 75, 2, 159.8),
('F81/2004', 354, 2, 720.4),
('F81/2006', 72, 2, 441),
('F81/2006', 238, 3, 1015.5),
('F81/2007', 168, 11, 409),
('F81/2007', 335, 3, 154.9),
('F81/2008', 47, 1, 209.02),
('F81/2008', 355, 5, 831.9),
('F82/2004', 159, 3, 72.9),
('F82/2006', 254, 3, 490.9),
('F82/2006', 331, 3, 179.5),
('F82/2007', 92, 12, 111.1),
('F82/2007', 328, 1, 266.3),
('F82/2008', 139, 3, 184.4),
('F82/2008', 316, 9, 282.7),
('F83/2003', 203, 3, 692.6),
('F83/2003', 276, 8, 105.7),
('F83/2003', 361, 3, 425.4),
('F83/2004', 7, 1, 397.54),
('F83/2004', 343, 7, 171.3),
('F83/2006', 246, 2, 56.5),
('F83/2006', 260, 3, 4),
('F83/2007', 235, 4, 769.6),
('F83/2007', 288, 3, 236.8),
('F83/2008', 20, 7, 212.3),
('F83/2008', 304, 1, 31.9),
('F84/2003', 143, 1, 318.8),
('F84/2003', 224, 3, 733.6),
('F84/2004', 31, 1, 253.28),
('F84/2004', 173, 1, 187),
('F84/2004', 280, 3, 159.8),
('F84/2006', 190, 2, 692.6),
('F84/2006', 217, 7, 622.1),
('F84/2007', 317, 13, 154.9),
('F84/2007', 340, 1, 294.2),
('F84/2008', 51, 5, 310.66),
('F84/2008', 322, 2, 277.8),
('F85/2003', 263, 1, 64.7),
('F85/2003', 302, 2, 7.3),
('F85/2004', 233, 3, 900.8),
('F85/2004', 254, 1, 490.9),
('F85/2006', 295, 2, 23.7),
('F85/2006', 355, 11, 831.9),
('F85/2007', 179, 7, 97.5),
('F85/2007', 282, 3, 318.8),
('F85/2008', 123, 2, 384.4),
('F85/2008', 372, 2, 433.6),
('F86/2003', 169, 1, 36.8),
('F86/2003', 264, 1, 72.9),
('F86/2004', 193, 3, 545),
('F86/2006', 245, 11, 48.3),
('F86/2006', 316, 1, 282.7);
INSERT INTO `szczegolyAM` (`NrFaktury`, `IdTowaru`, `ilosc`, `cena`) VALUES
('F86/2007', 163, 2, 286),
('F86/2007', 326, 11, 110.6),
('F86/2008', 220, 2, 507.3),
('F86/2008', 230, 2, 663.1),
('F87/2003', 56, 2, 327.05),
('F87/2003', 380, 1, 110.6),
('F87/2004', 65, 3, 184.4),
('F87/2004', 337, 1, 286),
('F87/2006', 230, 2, 663.1),
('F87/2006', 332, 7, 245),
('F87/2007', 14, 6, 900.82),
('F87/2007', 352, 3, 728.6),
('F87/2008', 142, 10, 212),
('F87/2008', 337, 2, 286),
('F88/2003', 24, 2, 384.43),
('F88/2003', 169, 2, 36.8),
('F88/2004', 241, 2, 23.7),
('F88/2004', 267, 8, 81.1),
('F88/2006', 60, 4, 630.33),
('F88/2006', 187, 2, 474.5),
('F88/2007', 63, 3, 195),
('F88/2007', 151, 10, 48.3),
('F88/2008', 159, 2, 72.9),
('F88/2008', 296, 2, 28.6),
('F89/2003', 190, 5, 692.6),
('F89/2003', 261, 9, 20.4),
('F89/2004', 47, 3, 209.02),
('F89/2004', 248, 3, 105.7),
('F89/2006', 141, 1, 192.6),
('F89/2006', 304, 3, 31.9),
('F89/2007', 95, 13, 151.6),
('F89/2007', 186, 1, 441),
('F89/2008', 92, 2, 111.1),
('F89/2008', 243, 9, 130.3),
('F9/2003', 156, 2, 48.3),
('F9/2003', 246, 2, 56.5),
('F9/2004', 8, 1, 487.7),
('F9/2004', 145, 1, 474.5),
('F9/2005', 262, 9, 53.2),
('F9/2005', 377, 2, 368),
('F9/2006', 89, 3, 310.6),
('F9/2006', 384, 3, 89.3),
('F9/2008', 103, 2, 151.6),
('F9/2008', 267, 1, 81.1),
('F9/2008', 284, 3, 97.5),
('F90/2003', 9, 1, 548.36),
('F90/2003', 348, 12, 269.6),
('F90/2004', 169, 1, 36.8),
('F90/2006', 227, 1, 540.1),
('F90/2006', 336, 8, 204),
('F90/2007', 123, 1, 384.4),
('F90/2007', 384, 2, 89.3),
('F90/2008', 30, 3, 212.3),
('F90/2008', 108, 1, 122.1),
('F90/2008', 275, 2, 81.1),
('F90/2008', 383, 2, 95),
('F91/2003', 163, 2, 286),
('F91/2003', 250, 1, 212),
('F91/2004', 5, 1, 225.41),
('F91/2004', 10, 8, 613.93),
('F91/2006', 18, 3, 154.92),
('F91/2006', 307, 9, 72.9),
('F91/2007', 176, 1, 146.7),
('F91/2007', 186, 8, 441),
('F91/2008', 41, 3, 605.74),
('F91/2008', 339, 2, 327),
('F92/2003', 228, 3, 613.9),
('F92/2003', 279, 1, 204),
('F92/2004', 44, 2, 376.23),
('F92/2004', 69, 3, 310.6),
('F92/2004', 205, 2, 786),
('F92/2006', 253, 2, 368),
('F92/2006', 277, 9, 122.1),
('F92/2007', 137, 2, 110.6),
('F92/2007', 194, 3, 561.4),
('F92/2008', 213, 3, 638.5),
('F92/2008', 336, 1, 204),
('F93/2003', 134, 8, 482.7),
('F93/2003', 171, 1, 72.9),
('F93/2004', 26, 2, 466.39),
('F93/2006', 96, 3, 184.4),
('F93/2006', 299, 5, 64.7),
('F93/2007', 93, 2, 122.1),
('F93/2007', 272, 5, 28.6),
('F93/2008', 224, 3, 733.6),
('F93/2008', 300, 2, 20.4),
('F94/2003', 151, 3, 48.3),
('F94/2003', 248, 2, 105.7),
('F94/2004', 107, 1, 359.8),
('F94/2004', 151, 2, 48.3),
('F94/2004', 345, 12, 220.4),
('F94/2006', 243, 10, 130.3),
('F94/2006', 329, 2, 818.8),
('F94/2007', 29, 8, 179.51),
('F94/2007', 139, 3, 184.4),
('F94/2008', 145, 3, 474.5),
('F94/2008', 347, 1, 389.3),
('F95/2003', 229, 3, 613.9),
('F95/2003', 293, 1, 113.9),
('F95/2004', 259, 2, 102.4),
('F95/2004', 286, 5, 441),
('F95/2006', 5, 2, 225.41),
('F95/2006', 168, 2, 409),
('F95/2007', 68, 1, 245),
('F95/2007', 230, 1, 663.1),
('F95/2008', 2, 1, 146.72),
('F95/2008', 380, 4, 110.6),
('F96/2003', 74, 7, 581.1),
('F96/2003', 315, 3, 209),
('F96/2004', 346, 1, 241),
('F96/2006', 127, 5, 236.8),
('F96/2006', 172, 1, 138.5),
('F96/2007', 102, 1, 135.2),
('F96/2007', 179, 10, 97.5),
('F96/2007', 326, 11, 110.6),
('F96/2008', 82, 3, 261.4),
('F96/2008', 132, 2, 236.8),
('F97/2003', 124, 2, 458),
('F97/2003', 247, 6, 72.9),
('F97/2004', 350, 1, 433.6),
('F97/2004', 374, 5, 343.4),
('F97/2006', 220, 2, 507.3),
('F97/2006', 274, 3, 45),
('F97/2007', 88, 3, 253.2),
('F97/2007', 230, 2, 663.1),
('F97/2008', 247, 2, 72.9),
('F97/2008', 275, 2, 81.1),
('F98/2003', 194, 2, 561.4),
('F98/2003', 236, 2, 810.6),
('F98/2004', 78, 1, 195),
('F98/2004', 255, 2, 581.1),
('F98/2006', 342, 4, 168),
('F98/2006', 358, 1, 490.9),
('F98/2008', 300, 2, 20.4),
('F98/2008', 301, 8, 5.7),
('F99/2003', 3, 2, 151.64),
('F99/2003', 121, 2, 261.4),
('F99/2004', 217, 5, 622.1),
('F99/2004', 346, 2, 241),
('F99/2006', 90, 3, 425.4),
('F99/2006', 176, 3, 146.7),
('F99/2008', 345, 2, 220.4),
('F99/2008', 383, 2, 95);

-- --------------------------------------------------------

--
-- Struktura tabeli dla tabeli `towaryAM`
--

CREATE TABLE IF NOT EXISTS `towaryAM` (
  `IdTowaru` int(11) DEFAULT NULL,
  `KodTowaru` varchar(6) DEFAULT NULL,
  `nazwaTowaru` varchar(200) DEFAULT NULL,
  `jednostka` varchar(10) DEFAULT NULL,
  `iloscwOpakowaniu` double DEFAULT NULL,
  `VAT` double DEFAULT NULL,
  `stanMagazynu` double DEFAULT NULL
) ENGINE=InnoDB DEFAULT CHARSET=utf8;

--
-- Zrzut danych tabeli `towaryAM`
--

INSERT INTO `towaryAM` (`IdTowaru`, `KodTowaru`, `nazwaTowaru`, `jednostka`, `iloscwOpakowaniu`, `VAT`, `stanMagazynu`) VALUES
(1, 'KT6135', 'CELERON 430  1,8 GHz 512K BOX/800 - 64-bit', 'szt', 1, 7, 12),
(2, 'KT2819', 'CELERON 440  2,0 GHz 512K BOX/800 - 64-bit', 'szt', 1, 7, 11),
(3, 'KT4058', 'CELERON (Dual-Core) E1200  1,6 GHz 512K BOX/800 - 64-bit', 'szt', 1, 7, 2),
(4, 'KT8867', 'CELERON (Dual-Core) E1400  2,0 GHz 512K BOX/800 - 64-bit', 'szt', 1, 7, 32),
(5, 'KT8167', 'Pentium (Dual-Core) E2200 2.2GHz 1MB BOX/800 - 64bit', 'szt', 1, 7, 13),
(6, 'KT8690', 'Pentium (Dual-Core) E5200 2.5GHz 2MB BOX/800 - 64bit', 'szt', 1, 7, 22),
(7, 'KT5550', 'CORE 2 DUO E7300 2.66GHz 3MB BOX/1066 - 64-bit', 'szt', 1, 7, 1),
(8, 'KT7073', 'CORE 2 DUO E7400 2.80GHz 3MB BOX/1066 - 64-bit', 'szt', 1, 7, 31),
(9, 'KT5519', 'CORE 2 DUO E8400 3.00GHz 6MB BOX/1333 - 64-bit', 'szt', 1, 7, 5),
(10, 'KT4661', 'CORE 2 DUO E8500 3.16GHz 6MB BOX/1333 - 64-bit', 'szt', 1, 7, 27),
(11, 'KT8712', 'CORE 2 DUO E8600 3.33GHz 6MB BOX/1333 - 64-bit', 'szt', 1, 7, 5),
(12, 'KT5891', 'CORE 2 QUAD Q8200 2.33GHz 4MB BOX/1333 - 64-bit ', 'szt', 1, 7, 12),
(13, 'KT3579', 'CORE 2 QUAD Q9300 2.50GHz 6MB BOX/1333 - 64-bit ', 'szt', 1, 7, 19),
(14, 'KT4670', 'CORE 2 QUAD Q9400 2.66GHz 6MB BOX/1333 - 64-bit ', 'szt', 1, 7, 15),
(15, 'KT2934', 'CORE 2 QUAD Q9550 2.83GHz 12MB BOX/1333 - 64-bit ', 'szt', 1, 7, 31),
(16, 'KT2034', 'AMD SEMPRON 1250+  - procesor 64-bit ', 'szt', 1, 7, 10),
(17, 'KT5056', 'AMD SEMPRON 1300+  - procesor 64-bit ', 'szt', 1, 7, 32),
(18, 'KT8539', 'AMD Athlon 64 X2 Dual Core 5000+ - procesor 64-bit', 'szt', 1, 7, 16),
(19, 'KT5404', 'AMD Athlon 64 X2 Dual Core 5200+ - procesor 64-bit', 'szt', 1, 7, 5),
(20, 'KT6486', 'AMD Athlon 64 X2 Dual Core 5400+ - procesor 64-bit', 'szt', 1, 7, 13),
(21, 'KT9851', 'AMD Athlon 64 X2 Dual Core 5600+ - procesor 64-bit', 'szt', 1, 7, 29),
(22, 'KT3488', 'AMD Athlon 64 X2 Dual Core 6000+ - procesor 64-bit', 'szt', 1, 7, 24),
(23, 'KT8179', 'AMD Phenom X3 Triple Core 8450 - procesor 64-bit', 'szt', 1, 7, 27),
(24, 'KT6410', 'AMD Phenom X3 Triple Core 8750 - procesor 64-bit', 'szt', 1, 7, 25),
(25, 'KT8969', 'AMD Phenom X4 Quad Core 9550 - procesor 64-bit', 'szt', 1, 7, 14),
(26, 'KT1533', 'AMD Phenom X4 Quad Core 9650 - procesor 64-bit', 'szt', 1, 7, 6),
(27, 'KT6631', 'AMD Phenom X4 Quad Core 9850 - procesor 64-bit', 'szt', 1, 7, 30),
(28, 'KT6943', 'AMD Phenom X4 Quad Core 9950 - procesor 64-bit', 'szt', 1, 7, 31),
(29, 'KT8749', 'ASUS P5KPL-CM, G31/ICH7, VGA, PCIex, DDR2-800, SATA2, VGA, GBLAN, mATX ', 'szt', 1, 7, 35),
(30, 'KT8225', 'ASUS P5KPL/1600, G31/ICH7, PCIex, DDR2-800, SATA2, GBLAN, ATX', 'szt', 1, 7, 32),
(31, 'KT8049', 'ASUS P5QPL-VM, G41/ICH7, VGA, PCIex, DDR2-800, SATA2, GBLAN, VGA, Matx', 'szt', 1, 7, 2),
(32, 'KT6639', 'ASUS P5QL SE, P43/ICH10, PCIex, DDR2-1066, SATA2, RAID, GBLAN, ATX', 'szt', 1, 7, 18),
(33, 'KT5301', 'ASUS P5QL, P43/ICH10, PCIex, DDR2-1066, SATA2, GBLAN, ATX', 'szt', 1, 7, 16),
(34, 'KT3023', 'ASUS P5QL PRO, P43, PCIex, DDR2-1066, SATA2, GBLAN, ATX', 'szt', 1, 7, 27),
(35, 'KT4180', 'ASUS P5QL-E, P43, PCIex, DDR2-1066, SATA2, RAID, GBLAN, FW, ATX', 'szt', 1, 7, 10),
(36, 'KT9755', 'ASUS P5Q SE, P45/ICH10, PCIex, DDR2-1200, SATA2, GBLAN, ATX', 'szt', 1, 7, 34),
(37, 'KT9257', 'ASUS P5Q, P45, PCIex, DDR2-1200, SATA2, RAID, GBLAN, FW, ATX', 'szt', 1, 7, 21),
(38, 'KT6504', 'ASUS P5Q PRO, P45, PCIex, DDR2-1200, SATA2, RAID, GBLAN, FW, CrossFire, ATX', 'szt', 1, 7, 31),
(39, 'KT4240', 'ASUS P5QC, P45/ICH10R, PCIex, DDR2/3-1066/1333, SATA2, RAID, GBLAN, FW, ATX', 'szt', 1, 7, 27),
(40, 'KT5815', 'ASUS P5Q-E, P45/ICH10R, PCIex, DDR2-1200, SATA2, RAID, 2xGBLAN, FW, CrossFire, ATX', 'szt', 1, 7, 1),
(41, 'KT4494', 'ASUS P5Q DELUXE,P45, PCIex, DDR2-1200, SATA2,RAID,2xGBLAN,FW,CrossFire,ATX', 'szt', 1, 7, 7),
(42, 'KT6004', 'ASUS P5Q3 DELUXE,P45, PCIex, DDR3-1200,SATA2,RAID,2xGBLAN,FW,CrossFire,ATX', 'szt', 1, 7, 21),
(43, 'KT4308', 'ASUS P5N73-CM, GF7100, VGA, PCIex, DDR2-800, SATA2, RAID, GBLAN, VGA, mATX ', 'szt', 1, 7, 33),
(44, 'KT4882', 'ASUS P5N-D, nF750i SLI, PCIex, DDR2-800, SATA2, RAID, GBLAN, FW, ATX', 'szt', 1, 7, 28),
(45, 'KT3719', 'ASUS P5NT WS, nF Dual PCI-E x 16, PCIex, DDR2-800, SATA,RAID,GBLAN,FW,ATX ', 'szt', 1, 7, 35),
(46, 'KT9355', 'Gigabyte GA-G31M-S2L, G31+ICH7, VGA, PCIex, DDR2-800, SATA2, GBLAN, VGA, mATX ', 'szt', 1, 7, 2),
(47, 'KT7147', 'Gigabyte 73PVM-S2H GF7100, VGA, PCIex, DDR2-800, SATA2, eRAID, GBLAN, VGA, FW, mATX', 'szt', 1, 7, 25),
(48, 'KT7430', 'Gigabyte GA-P31-ES3G, P31+ICH7, PCIex, DDR2-1066, SATA2, GBLAN, ATX ', 'szt', 1, 7, 6),
(49, 'KT7638', 'Gigabyte GA-EP31-DS3L, P31+ICH7, PCIex, DDR2-1066, SATA2, GBLAN, ATX', 'szt', 1, 7, 12),
(50, 'KT8634', 'Gigabyte GA-EP35-DS3L, P35+ICH9, PCIex, DDR2-1066, SATA2, RAID, GBLAN, ATX', 'szt', 1, 7, 9),
(51, 'KT1992', 'Gigabyte GA-EP35-DS3, P35+ICH9, PCIex, DDR2-1066, SATA2, RAID, GBLAN, ATX', 'szt', 1, 7, 2),
(52, 'KT2420', 'Gigabyte GA-EP35-DS4, P35+ICH9R, PCIex, DDR2-800, SATA2, RAID, GBLAN, FW, ATX', 'szt', 1, 7, 19),
(53, 'KT5554', 'Gigabyte GA-EP43-S3L, P43+ICH10, PCIex, DDR2-1200+, SATA2, GBLAN, ATX ', 'szt', 1, 7, 2),
(54, 'KT3544', 'Gigabyte GA-EP43-DS3L, P43+ICH10, PCIex, DDR2-1066, SATA2, GBLAN, ATX ', 'szt', 1, 7, 13),
(55, 'KT3957', 'Gigabyte GA-EP43C-DS3, P43+ICH10, PCIex, DDR3-1600, SATA2, 2xGBLAN,FW,ATX', 'szt', 1, 7, 34),
(56, 'KT6986', 'Gigabyte GA-EP45-DS3L, P45+ICH10, PCIex, DDR2-1200, SATA2, GBLAN, ATX', 'szt', 1, 7, 16),
(57, 'KT8589', 'Gigabyte GA-EP45-DS3, P45+ICH10, PCIex, DDR2-1200, SATA2, 2xGBLAN, FW, ATX', 'szt', 1, 7, 9),
(58, 'KT3417', 'Gigabyte GA-EP45T-DS3R, P45+ICH10R, PCIex, DDR3-1600, SATA2, RAID, 2xGBLAN, FW, ATX', 'szt', 1, 7, 29),
(59, 'KT9073', 'Gigabyte GA-EP45-DS5, P45+ICH10R, PCIex, DDR2-1200, SATA2, RAID, 2xGBLAN, FW, ATX', 'szt', 1, 7, 15),
(60, 'KT3755', 'Gigabyte GA-X48-DS4, X48+ICH9R, PCIex, DDR2-1200, SATA2, RAID, 2xGBLAN, FW, ATX', 'szt', 1, 7, 24),
(61, 'KT7534', 'Gigabyte GA-X48-DS5, X48+ICH9R, PCIex, DDR2-1200, SATA2, RAID, 2xGBLAN, FW, ATX', 'szt', 1, 7, 18),
(62, 'KT7844', 'ASUS M2N-MX Plus,GF6100, VGA, PCIex, DDR2-1066, SATA2, RAID, LAN, VGA, Matx', 'szt', 1, 7, 3),
(63, 'KT8946', 'ASUS M2N68-VM, GF7050PV, VGA, PCIex, DDR2-1066,SATA2,RAID,GBLAN,VGA,mATX', 'szt', 1, 7, 19),
(64, 'KT9782', 'ASUS M2N-XE, GF6100, PCIex, DDR2-1066, SATA2, RAID, LAN, ATX', 'szt', 1, 7, 5),
(65, 'KT8321', 'ASUS M2N68, GF7025, PCIex, DDR2-1066, SATA2, RAID, GBLAN, ATX ', 'szt', 1, 7, 32),
(66, 'KT1928', 'ASUS M3N78, GF8200, PCIex, DDR2-1066, SATA2, RAID, GBLAN, VGA, ATX', 'szt', 1, 7, 33),
(67, 'KT2043', 'ASUS M3N78 PRO, GF8300, PCIex, DDR2-1066, SATA2, RAID, GBLAN, VGA, FW, ATX', 'szt', 1, 7, 25),
(68, 'KT7124', 'ASUS M3A78, 770, PCIex, DDR2-1066, SATA2, RAID, GBLAN, ATX ', 'szt', 1, 7, 33),
(69, 'KT1116', 'ASUS M3A78 PRO, 780G, PCIex, DDR2-1066, SATA2, RAID, GBLAN, VGA, CF, ATX', 'szt', 1, 7, 16),
(70, 'KT2164', 'ASUS M3A-H/HDMI, 780G, PCIex, DDR2-1066, SATA2, RAID, GBLAN, VGA, ATX', 'szt', 1, 7, 16),
(71, 'KT1603', 'ASUS M3N72-D, nF750a SLI, PCIex, DDR2-1066, SATA2, RAID, GBLAN, VGA, FW, ATX', 'szt', 1, 7, 2),
(72, 'KT5028', 'ASUS M3A78-T, 790GX, PCIex, DDR2-1066, SATA2, RAID, GBLAN, VGA, CF, FW, ATX', 'szt', 1, 7, 29),
(73, 'KT7050', 'ASUS M3A32-MVP, 790FX, PCIex, DDR2-1066, SATA2, RAID, GBLAN, FW, ATX ', 'szt', 1, 7, 16),
(74, 'KT8940', 'ASUS M3A79-T DELUXE, 790FX, PCIex, DDR2-1066, SATA2, RAID, GBLAN, CF, FW, ATX', 'szt', 1, 7, 20),
(75, 'KT4170', 'ASRock ALIVENF7G-FULLHD, GF7050, VGA, PCIex, DDR2-800, SATA2, RAID,GBLAN,VGA, mATX ', 'szt', 1, 7, 32),
(76, 'KT8745', 'ASRock K10N78HSLI-GLAN, GF8200, PCIex, DDR2-1066, SATA2, RAID,GBLAN, ATX', 'szt', 1, 7, 19),
(77, 'KT4561', 'Gigabyte M61PME-S2, GF6100, VGA, PCIex, DDR2-800,SATA2, RAID,LAN, VGA,mATX ', 'szt', 1, 7, 3),
(78, 'KT9670', 'Gigabyte MA74GM-S2, AMD740G, VGA, PCIex, DDR2-800, SATA2, RAID, GBLAN, VGA, mATX', 'szt', 1, 7, 9),
(79, 'KT8755', 'Gigabyte M52L-S3, nF520LE, PCIex, DDR2-800, SATA2, RAID, LAN, ATX', 'szt', 1, 7, 13),
(80, 'KT2976', 'Gigabyte M56S-S3, nF560, PCIex, DDR2-800, SATA2, RAID, FW, GBLAN, ATX ', 'szt', 1, 7, 6),
(81, 'KT5365', 'Gigabyte MA770-DS3, AMD 770, PCIex, DDR2-1066, SATA2, RAID, GBLAN, FW, ATX', 'szt', 1, 7, 1),
(82, 'KT5547', 'Gigabyte MA78G-DS3H, AMD RS780,PCIex, DDR2-1066, SATA2,RAID,1394, GBLAN,ATX ', 'szt', 1, 7, 18),
(83, 'KT5620', 'Gigabyte MA790X-DS4, AMD 790X, PCIex, DDR2-1066, SATA2, RAID, GBLAN, FW, ATX ', 'szt', 1, 7, 3),
(84, 'KT3937', 'Gigabyte MA790GP-DS4H, AMD 790GX, PCIex, DDR2-1066, SATA2, RAID, GBLAN,CF,FW,ATX', 'szt', 1, 7, 3),
(85, 'KT1061', 'MSI K9A2VM-F V2, AMD780V, VGA, PCIex, DDR2-1066, VGA, SATA2, GBLAN, mATX', 'szt', 1, 7, 11),
(86, 'KT7918', 'MSI K9A2 NEO-F, AMD770, PCIex, DDR2-1066, SATA2, RAID, GBLAN, ATX ', 'szt', 1, 7, 19),
(87, 'KT6691', 'MSI KA780G, AMD780G, PCIex, DDR2-1066, SATA2, RAID, GBLAN,DVI, HDMI, ATX', 'szt', 1, 7, 5),
(88, 'KT9047', 'MSI K9A2 CF-F, AMD 790X, PCIex, DDR2-1066, SATA2, RAID, GBLAN, ATX', 'szt', 1, 7, 14),
(89, 'KT5347', 'MSI KA790GX, AMD 790GX, PCIex, DDR2-800, SATA2, RAID, GBLAN,DVI, HDMI,ATX', 'szt', 1, 7, 7),
(90, 'KT4292', 'MSI K9A2 PLATINIUM, AMD790FX, PCIex, DDR2-1066, SATA2, RAID, GBLAN,FW, ATX', 'szt', 1, 7, 5),
(91, 'KT9588', 'W ofercie także płyty innych producentów', 'szt', 1, 7, 34),
(92, 'KT6249', 'SAMSUNG - Dyski objęte 3-letnią GWARANCJˇ !!!', 'szt', 1, 22, 3),
(93, 'KT2868', '160 GB Samsung SATAII 7200OBR 8MB', 'szt', 1, 22, 11),
(94, 'KT1969', '250 GB Samsung SATAII 7200OBR 16MB', 'szt', 1, 22, 4),
(95, 'KT3289', '320 GB Samsung SATAII 7200OBR 16MB', 'szt', 1, 22, 19),
(96, 'KT6949', '500 GB Samsung SATAII 7200OBR 16MB', 'szt', 1, 22, 32),
(97, 'KT2694', '640 GB Samsung SATAII 7200OBR 16MB', 'szt', 1, 22, 24),
(98, 'KT5290', '750 GB Samsung SATAII 7200OBR 32MB', 'szt', 1, 22, 33),
(99, 'KT6415', '1 TB Samsung SATAII 7200OBR 32MB', 'szt', 1, 22, 19),
(100, 'KT3583', 'SEAGATE - Dyski objęte 3-letnią GWARANCJˇ !!!', 'szt', 1, 22, 22),
(101, 'KT7413', '160 GB SEAGATE  SATAII 7200obr. BARRACUDA 8MB', 'szt', 1, 22, 8),
(102, 'KT7521', '250 GB SEAGATE  SATAII 7200obr. BARRACUDA 8MB', 'szt', 1, 22, 11),
(103, 'KT3138', '320 GB SEAGATE  SATAII 7200obr. BARRACUDA 16MB', 'szt', 1, 22, 28),
(104, 'KT4808', '500 GB SEAGATE  SATAII 7200obr. BARRACUDA 16MB', 'szt', 1, 22, 4),
(105, 'KT5853', '640 GB SEAGATE  SATAII 7200obr. BARRACUDA 32MB', 'szt', 1, 22, 34),
(106, 'KT6353', '750 GB SEAGATE  SATAII 7200obr. BARRACUDA 32MB', 'szt', 1, 22, 6),
(107, 'KT1720', '1 TB SEAGATE  SATAII 7200obr. BARRACUDA 32MB', 'szt', 1, 22, 26),
(108, 'KT4319', '160 GB WD 7200OBR 8MB CACHE SATAII', 'szt', 1, 22, 32),
(109, 'KT7434', '250 GB WD 7200OBR 8MB CACHE SATAII', 'szt', 1, 22, 26),
(110, 'KT7032', '320 GB WD 7200OBR 8MB CACHE SATAII', 'szt', 1, 22, 18),
(111, 'KT8669', '500 GB WD 7200OBR 16MB CACHE SATAII', 'szt', 1, 22, 33),
(112, 'KT9291', '640 GB WD 7200OBR 16MB CACHE SATAII', 'szt', 1, 22, 26),
(113, 'KT1136', '750 GB WD 7200OBR 16MB CACHE SATAII', 'szt', 1, 22, 30),
(114, 'KT4114', '1 TB WD 7200OBR 16MB CACHE SATAII', 'szt', 1, 22, 17),
(115, 'KT8524', '80 GB WD 7200OBR 2MB CACHE Ultra ATA/100', 'szt', 1, 22, 34),
(116, 'KT2442', '80 GB WD 7200OBR 8MB CACHE Ultra ATA/100', 'szt', 1, 22, 1),
(117, 'KT1101', '160 GB WD 7200OBR 8MB CACHE Ultra ATA/100', 'szt', 1, 22, 28),
(118, 'KT4842', '250 GB WD 7200OBR 8MB CACHE Ultra ATA/100', 'szt', 1, 22, 26),
(119, 'KT3270', '320 GB WD 7200OBR 8MB CACHE Ultra ATA/100', 'szt', 1, 22, 8),
(120, 'KT8730', '500 GB WD 7200OBR 8MB CACHE Ultra ATA/100', 'szt', 1, 22, 27),
(121, 'KT7851', '320GB 7200OBR 16MB ZEW. USB 2.0', 'szt', 1, 22, 8),
(122, 'KT4154', '500GB 7200OBR 16MB ZEW. USB 2.0', 'szt', 1, 22, 20),
(123, 'KT3370', '750GB 7200OBR 16MB ZEW. USB 2.0', 'szt', 1, 22, 30),
(124, 'KT5665', '1 TB 7200OBR 16MB ZEW. USB 2.0', 'szt', 1, 22, 14),
(125, 'KT2140', 'GF FX5500 256MB 128BIT DVI/TV', 'szt', 1, 22, 1),
(126, 'KT1305', 'RADEON X1650PRO 256MB 128BIT DVI/TV', 'szt', 1, 22, 17),
(127, 'KT6422', 'RADEON X800GTO 256MB 256BIT DVI/TV', 'szt', 1, 22, 34),
(128, 'KT1250', 'RADEON HD3450 256MB 64BIT TV PCIex ', 'szt', 1, 22, 29),
(129, 'KT7425', 'RADEON HD3650 256MB 128BIT TV PCIex ', 'szt', 1, 22, 18),
(130, 'KT4128', 'RADEON HD3850 256MB 256BIT TV PCIex ', 'szt', 1, 22, 25),
(131, 'KT8452', 'RADEON HD3870 512MB 256BIT TV PCIex ', 'szt', 1, 22, 27),
(132, 'KT9553', 'RADEON HD4650 512MB 128BIT TV PCIex ', 'szt', 1, 22, 19),
(133, 'KT4961', 'RADEON HD4670 512MB 128BIT TV PCIex ', 'szt', 1, 22, 22),
(134, 'KT2907', 'RADEON HD4830 512MB 256BIT TV PCIex ', 'szt', 1, 22, 2),
(135, 'KT2817', 'RADEON HD4850 512MB 256BIT TV PCIex ', 'szt', 1, 22, 1),
(136, 'KT4891', 'RADEON HD4870 512MB 256BIT TV PCIex ', 'szt', 1, 22, 33),
(137, 'KT7528', 'GF 8400GS 256MB 64BIT TV/DVI PCIex', 'szt', 1, 22, 17),
(138, 'KT3886', 'GF 8500GT 256MB 128BIT TV/DVI PCIex', 'szt', 1, 22, 19),
(139, 'KT2742', 'GF 8600GT 256MB 128BIT TV/DVI PCIex', 'szt', 1, 22, 18),
(140, 'KT7652', 'GF 8800GT 512MB 256BIT TV/DVI PCIex', 'szt', 1, 22, 23),
(141, 'KT3777', 'GF 9400GT 512MB 128BIT TV/DVI PCIex', 'szt', 1, 22, 29),
(142, 'KT5394', 'GF 9500GT 512MB 128BIT TV/DVI PCIex', 'szt', 1, 22, 16),
(143, 'KT6484', 'GF 9600GSO 384MB 192BIT TV/DVI PCIex', 'szt', 1, 22, 19),
(144, 'KT4733', 'GF 9600GT 512MB 256BIT TV/DVI PCIex', 'szt', 1, 22, 4),
(145, 'KT7202', 'GF 9800GT 512MB 256BIT TV/DVI PCIex', 'szt', 1, 22, 25),
(146, 'KT6601', 'GF 9800GTX 512MB 256BIT TV/DVI PCIex', 'szt', 1, 22, 16),
(147, 'KT4110', 'GF GTX 260 896MB 448BIT TV/DVI PCIex', 'szt', 1, 22, 31),
(148, 'KT1609', 'GF GTX 280 1024MB 512BIT TV/DVI PCIex', 'szt', 1, 22, 7),
(149, 'KT2736', 'FLASHDRIVE Kingston 2GB', 'szt', 1, 22, 16),
(150, 'KT3897', 'FLASHDRIVE Kingston 4GB', 'szt', 1, 22, 27),
(151, 'KT7915', 'FLASHDRIVE Kingston 8GB', 'szt', 1, 22, 16),
(152, 'KT8023', 'FLASHDRIVE Kingston 16GB', 'szt', 1, 22, 33),
(153, 'KT6979', 'FLASHDRIVE SanDisk 2GB', 'szt', 1, 22, 11),
(154, 'KT1894', 'FLASHDRIVE SanDisk 4GB', 'szt', 1, 22, 18),
(155, 'KT7452', 'FLASHDRIVE SanDisk 8GB', 'szt', 1, 22, 14),
(156, 'KT2301', 'FLASHDRIVE SanDisk 4GB Titanium', 'szt', 1, 22, 20),
(157, 'KT8040', 'FLASHDRIVE SanDisk 8GB Titanium', 'szt', 1, 22, 27),
(158, 'KT3058', 'FLASHDRIVE SanDisk 16GB Titanium', 'szt', 1, 22, 2),
(159, 'KT2193', 'ODTWARZACZ MP3 CREATIVE MuVo T100 2GB ', 'szt', 1, 22, 6),
(160, 'KT9299', 'ODTWARZACZ MP3 CREATIVE MuVo T200 2GB ', 'szt', 1, 22, 11),
(161, 'KT1014', 'ODTWARZACZ MP3 CREATIVE MuVo T200 4GB ', 'szt', 1, 22, 19),
(162, 'KT2958', 'ODTWARZACZ MP3 CREATIVE Zen Mozaic 2GB ', 'szt', 1, 22, 28),
(163, 'KT3814', 'ODTWARZACZ MP3 CREATIVE Zen Mozaic 4GB ', 'szt', 1, 22, 29),
(164, 'KT3959', 'ODTWARZACZ MP3 CREATIVE ZEN STONE PLUS 2GB ', 'szt', 1, 22, 26),
(165, 'KT2075', 'ODTWARZACZ MP3 CREATIVE ZEN STONE PLUS 4GB ', 'szt', 1, 22, 33),
(166, 'KT9151', 'ODTWARZACZ MP3 CREATIVE ZEN 2GB', 'szt', 1, 22, 25),
(167, 'KT8109', 'ODTWARZACZ MP3 CREATIVE ZEN 4GB', 'szt', 1, 22, 8),
(168, 'KT9514', 'ODTWARZACZ MP3 CREATIVE ZEN 8GB', 'szt', 1, 22, 33),
(169, 'KT5203', 'DDR2 1024MB PC800   Super cena !!!', 'szt', 1, 7, 11),
(170, 'KT2682', 'DDR2 2048MB PC800   Super cena !!!', 'szt', 1, 7, 9),
(171, 'KT8519', 'DDR2 2048MB PC800 DUAL 2x1024MB ', 'szt', 1, 7, 28),
(172, 'KT3292', 'DDR2 4096MB PC800 DUAL 2x2048MB ', 'szt', 1, 7, 30),
(173, 'KT7531', 'DDR2 4096MB PC800 DUAL 2x2048MB CL4', 'szt', 1, 7, 22),
(174, 'KT4213', 'DDR2 1024MB PC800', 'szt', 1, 7, 10),
(175, 'KT6296', 'DDR2 2048MB PC800 DUAL 2x1024MB ', 'szt', 1, 7, 30),
(176, 'KT8165', 'DDR2 4096MB PC800 DUAL 2x2048MB ', 'szt', 1, 7, 34),
(177, 'KT4314', 'DDRAM 512MB PC400 ', 'szt', 1, 7, 2),
(178, 'KT1778', 'DDRAM 1024MB PC400 ', 'szt', 1, 7, 5),
(179, 'KT8288', 'DDR3 1024MB PC1066', 'szt', 1, 7, 19),
(180, 'KT9611', 'DDR3 2048MB PC1066 DUAL 2X1024MB', 'szt', 1, 7, 29),
(181, 'KT7532', 'DDR3 4096MB PC1066 DUAL 2X2048MB', 'szt', 1, 7, 28),
(182, 'KT1163', 'MONITOR LCD LG 17" L1734S 5ms ', 'szt', 1, 7, 33),
(183, 'KT3347', 'MONITOR LCD LG 19" W1934S 5ms panorama', 'szt', 1, 7, 22),
(184, 'KT4411', 'MONITOR LCD LG 19" W1942S 5ms panorama', 'szt', 1, 7, 27),
(185, 'KT7108', 'MONITOR LCD LG 19" W1952S 5ms panorama', 'szt', 1, 7, 3),
(186, 'KT9906', 'MONITOR LCD LG 19" W1942P 5ms DVI panorama', 'szt', 1, 7, 28),
(187, 'KT7368', 'MONITOR LCD LG 19" W1942T 5ms DVI panorama', 'szt', 1, 7, 16),
(188, 'KT9958', 'MONITOR LCD LG 19" W1952TQ 2ms DVI panorama', 'szt', 1, 7, 34),
(189, 'KT9758', 'MONITOR LCD LG 19" W1952TE 2ms DVI panorama', 'szt', 1, 7, 5),
(190, 'KT8931', 'MONITOR LCD LG 19" M198WA 5ms DVI TV panorama        ', 'szt', 1, 7, 11),
(191, 'KT5946', 'MONITOR LCD LG 19" M1994D 5ms DVI TV panorama        ', 'szt', 1, 7, 4),
(192, 'KT7204', 'MONITOR LCD LG 20" W2042S 5ms panorama', 'szt', 1, 7, 13),
(193, 'KT2463', 'MONITOR LCD LG 20" W2042T 5ms DVI panorama', 'szt', 1, 7, 14),
(194, 'KT1798', 'MONITOR LCD LG 20" W2052TQ 2ms DVI panorama', 'szt', 1, 7, 6),
(195, 'KT1659', 'MONITOR LCD LG 20" W2052V 2ms DVI panorama', 'szt', 1, 7, 22),
(196, 'KT6226', 'MONITOR LCD LG 20" L207WT 2ms DVI panorama', 'szt', 1, 7, 26),
(197, 'KT2569', 'MONITOR LCD LG 20" M2094D 5ms DVI TV panorama', 'szt', 1, 7, 29),
(198, 'KT6583', 'MONITOR LCD LG 22" W2234S 5ms panorama', 'szt', 1, 7, 30),
(199, 'KT3986', 'MONITOR LCD LG 22" W2242S 5ms panorama', 'szt', 1, 7, 15),
(200, 'KT9414', 'MONITOR LCD LG 22" W2252S 5ms panorama', 'szt', 1, 7, 5),
(201, 'KT5505', 'MONITOR LCD LG 22" W2242T 5ms DVI panorama', 'szt', 1, 7, 9),
(202, 'KT8383', 'MONITOR LCD LG 22" W2271TC 5ms DVI panorama', 'szt', 1, 7, 16),
(203, 'KT6833', 'MONITOR LCD LG 22" W2252TQ 2ms DVI panorama', 'szt', 1, 7, 24),
(204, 'KT7289', 'MONITOR LCD LG 22" W2252TE 2ms DVI panorama', 'szt', 1, 7, 7),
(205, 'KT1134', 'MONITOR LCD LG 22" W2252V 2ms DVI panorama', 'szt', 1, 7, 2),
(206, 'KT7443', 'MONITOR LCD LG 22" L227WT 2ms DVI panorama', 'szt', 1, 7, 24),
(207, 'KT7701', 'MONITOR LCD LG 22" W2284F 2ms DVI panorama', 'szt', 1, 7, 34),
(208, 'KT6947', 'MONITOR LCD LG 22" M2294D 5ms DVI TV panorama', 'szt', 1, 7, 19),
(209, 'KT4726', 'MONITOR LCD LG 24" W2452T 2ms DVI panorama', 'szt', 1, 7, 26),
(210, 'KT9911', 'MONITOR LCD LG 24" W2452V 2ms DVI panorama', 'szt', 1, 7, 28),
(211, 'KT5464', 'MONITOR LCD LG 26" W2600H 5ms DVI panorama', 'szt', 1, 7, 5),
(212, 'KT3123', 'MONITOR LCD SAMSUNG 17" SM743N 5ms ', 'szt', 1, 7, 24),
(213, 'KT3553', 'MONITOR LCD SAMSUNG 19" SM943NW 5ms panorama', 'szt', 1, 7, 28),
(214, 'KT6219', 'MONITOR LCD SAMSUNG 19" SM932GW 2ms DVI panorama', 'szt', 1, 7, 2),
(215, 'KT3786', 'MONITOR LCD SAMSUNG 19" SMT190 2ms DVI panorama', 'szt', 1, 7, 34),
(216, 'KT8881', 'MONITOR LCD SAMSUNG 19" SM943N 5ms ', 'szt', 1, 7, 19),
(217, 'KT8114', 'MONITOR LCD SAMSUNG 19" SM943B 5ms DVI pivot', 'szt', 1, 7, 18),
(218, 'KT9082', 'MONITOR LCD SAMSUNG 19" SM963UW głośniki, kamera, mikrofon', 'szt', 1, 7, 29),
(219, 'KT2152', 'MONITOR LCD SAMSUNG 20" SM2043NW 5ms panorama', 'szt', 1, 7, 11),
(220, 'KT1933', 'MONITOR LCD SAMSUNG 20" SM2043BW 5ms DVI panorama', 'szt', 1, 7, 18),
(221, 'KT9982', 'MONITOR LCD SAMSUNG 20" SM2032BW 2ms DVI panorama', 'szt', 1, 7, 8),
(222, 'KT7132', 'MONITOR LCD SAMSUNG 20" SM2053BW 2ms DVI panorama ', 'szt', 1, 7, 5),
(223, 'KT1527', 'MONITOR LCD SAMSUNG 20" SMT200 2ms DVI panorama', 'szt', 1, 7, 3),
(224, 'KT2579', 'MONITOR LCD SAMSUNG 20" SM2063UW głośniki, kamera, mikrofon', 'szt', 1, 7, 14),
(225, 'KT8275', 'MONITOR LCD SAMSUNG 20" SMT200HD TV DVI panorama', 'szt', 1, 7, 10),
(226, 'KT5166', 'MONITOR LCD SAMSUNG 22" SM2223NW 5ms panorama', 'szt', 1, 7, 11),
(227, 'KT6645', 'MONITOR LCD SAMSUNG 22" SM2243LNX 5ms panorama', 'szt', 1, 7, 24),
(228, 'KT4276', 'MONITOR LCD SAMSUNG 22" SM2243NW 5ms panorama', 'szt', 1, 7, 20),
(229, 'KT5758', 'MONITOR LCD SAMSUNG 22" SM2233BW 5ms DVI panorama', 'szt', 1, 7, 19),
(230, 'KT7034', 'MONITOR LCD SAMSUNG 22" SM2253LW 2ms DVI panorama', 'szt', 1, 7, 18),
(231, 'KT6918', 'MONITOR LCD SAMSUNG 22" SM2253BW 5ms DVI panorama', 'szt', 1, 7, 4),
(232, 'KT8826', 'MONITOR LCD SAMSUNG 22" SMT220 2ms DVI panorama', 'szt', 1, 7, 7),
(233, 'KT1560', 'MONITOR LCD SAMSUNG 22" SM2263UW głośniki, kamera, mikrofon', 'szt', 1, 7, 20),
(234, 'KT4132', 'MONITOR LCD SAMSUNG 22" SMT220HD TV DVI panorama', 'szt', 1, 7, 27),
(235, 'KT7969', 'MONITOR LCD SAMSUNG 22" SM2263DX głośniki, kamera, mikrof,WIDE,GLOSSY,DVI,HDMI,USB,czarny', 'szt', 1, 7, 25),
(236, 'KT4191', 'MONITOR LCD SAMSUNG 24" SM2443NW  5ms panorama', 'szt', 1, 7, 28),
(237, 'KT7526', 'MONITOR LCD SAMSUNG 24" SM2443BW  5ms DVI panorama', 'szt', 1, 7, 16),
(238, 'KT5539', 'MONITOR LCD SAMSUNG 24" SM245B+  5ms DVI panorama', 'szt', 1, 7, 29),
(239, 'KT5794', 'MONITOR LCD SAMSUNG 24" SMT240/2493HM 5ms DVI panorama', 'szt', 1, 7, 20),
(240, 'KT1942', 'MONITOR LCD SAMSUNG 24" SMT260/2693HM 5ms DVI panorama', 'szt', 1, 7, 19),
(241, 'KT7189', 'Stacje dyskietek, ZIP', 'szt', 1, 7, 9),
(242, 'KT1769', 'MIDDLE TOWER ATX - BEZ ZASILACZA ', 'szt', 1, 22, 6),
(243, 'KT2549', 'MIDDLE TOWER ATX 350W  ', 'szt', 1, 22, 13),
(244, 'KT8318', 'MIDDLE TOWER ATX 400W   ', 'szt', 1, 22, 3),
(245, 'KT1363', 'MIDDLE TOWER ATX 400W   ModeCom, Tracer', 'szt', 1, 22, 32),
(246, 'KT6146', 'ZASILACZ 350W ATX', 'szt', 1, 22, 15),
(247, 'KT9954', 'ZASILACZ 400W ATX', 'szt', 1, 22, 9),
(248, 'KT9919', 'ZASILACZ 400W ATX - ModeCom - Feel', 'szt', 1, 22, 5),
(249, 'KT5375', 'ZASILACZ 500W ATX - ModeCom - Feel', 'szt', 1, 22, 6),
(250, 'KT2815', 'ZASILACZ 450W ATX - Chieftec', 'szt', 1, 22, 16),
(251, 'KT4335', 'ZASILACZ 500W ATX - Chieftec', 'szt', 1, 22, 28),
(252, 'KT1024', 'ZASILACZ 550W ATX - Chieftec', 'szt', 1, 22, 22),
(253, 'KT6902', 'ZASILACZ 650W ATX - Chieftec', 'szt', 1, 22, 22),
(254, 'KT8363', 'ZASILACZ 750W ATX - Chieftec', 'szt', 1, 22, 1),
(255, 'KT4281', 'ZASILACZ 850W ATX - Chieftec', 'szt', 1, 22, 2),
(256, 'KT7535', 'ZASILACZ 1000W ATX - Chieftec', 'szt', 1, 22, 15),
(257, 'KT1452', 'WINDOWS PS2', 'szt', 1, 22, 31),
(258, 'KT4080', 'WINDOWS PS2-MEDIA  ', 'szt', 1, 22, 8),
(259, 'KT9929', 'Klawiatura + mysz bezprzewodowa Logitech', 'szt', 1, 22, 31),
(260, 'KT8534', 'Podkładki z nadrukiem', 'szt', 1, 22, 25),
(261, 'KT6456', 'A4 TECH OPTYCZNA - Promocja !!!', 'szt', 1, 22, 28),
(262, 'KT8832', 'A4 TECH  RADIOWO-OPTYCZNA', 'szt', 1, 22, 10),
(263, 'KT1875', 'SAMSUNG X20 OEM                                    Promocja !!!', 'szt', 1, 22, 12),
(264, 'KT7486', 'SAMSUNG X20 Light Scribe OEM    ', 'szt', 1, 22, 6),
(265, 'KT8996', 'SAMSUNG X20 Light Scribe USB Zew.  ', 'szt', 1, 22, 3),
(266, 'KT4571', 'LG X20 OEM                                                   Promocja !!!', 'szt', 1, 22, 11),
(267, 'KT8708', 'LG X20 Light Scribe OEM', 'szt', 1, 22, 35),
(268, 'KT1048', 'LG Blu-ray BD-R 6x, BD-RE 2x i odtwarzacz HD-DVD, czarny, retail', 'szt', 1, 22, 12),
(269, 'KT9147', 'LG GGW-H20L Blu-ray BD-R 6x, BD-RE 2x i odtwarzacz HD-DVD, czarna, retail', 'szt', 1, 22, 23),
(270, 'KT2457', 'GŁO¦NIKI 100WATT  ', 'szt', 1, 22, 14),
(271, 'KT9172', 'GŁO¦NIKI 2+SUBWOOFER', 'szt', 1, 22, 26),
(272, 'KT7511', 'GŁO¦NIKI CREATIVE 2.0 A30', 'szt', 1, 22, 7),
(273, 'KT5954', 'GŁO¦NIKI CREATIVE 2.0 Inspire 245     ', 'szt', 1, 22, 16),
(274, 'KT6618', 'GŁO¦NIKI CREATIVE 2.0 Inspire 265 ', 'szt', 1, 22, 18),
(275, 'KT1948', 'GŁO¦NIKI CREATIVE INSPIRE 2.1 A200', 'szt', 1, 22, 15),
(276, 'KT1870', 'GŁO¦NIKI CREATIVE INSPIRE 2.1 A300', 'szt', 1, 22, 26),
(277, 'KT7028', 'GŁO¦NIKI CREATIVE INSPIRE 2.1 T3100  ', 'szt', 1, 22, 5),
(278, 'KT1524', 'GŁO¦NIKI CREATIVE INSPIRE 2.1 I-T 3220   ', 'szt', 1, 22, 30),
(279, 'KT9070', 'GŁO¦NIKI CREATIVE INSPIRE 2.1 I-T 3330   ', 'szt', 1, 22, 27),
(280, 'KT9511', 'GŁO¦NIKI CREATIVE INSPIRE 5.1 A500', 'szt', 1, 22, 31),
(281, 'KT7767', 'GŁO¦NIKI CREATIVE INSPIRE 5.1 T6100', 'szt', 1, 22, 4),
(282, 'KT7996', 'GŁO¦NIKI CREATIVE INSPIRE 7.1 T7900     ', 'szt', 1, 22, 3),
(283, 'KT3952', 'GŁO¦NIKI Logitech 2.1 Retail S-220', 'szt', 1, 22, 9),
(284, 'KT7533', 'GŁO¦NIKI Logitech 2.1 Retail X-210 ', 'szt', 1, 22, 5),
(285, 'KT3208', 'GŁO¦NIKI Logitech 2.1 Retail X-230 ', 'szt', 1, 22, 17),
(286, 'KT9831', 'GŁO¦NIKI Logitech 2.1 Retail Z-2300', 'szt', 1, 22, 30),
(287, 'KT7056', 'GŁO¦NIKI Logitech 5.1 Retail X-530      ', 'szt', 1, 22, 12),
(288, 'KT2302', 'GŁO¦NIKI Logitech 5.1 Retail X-540      ', 'szt', 1, 22, 30),
(289, 'KT5494', 'KARTA MUZYCZNA 3D 4-KANAŁOWA', 'szt', 1, 22, 11),
(290, 'KT3056', 'KARTA MUZYCZNA 3D 6-KANAŁOWA', 'szt', 1, 22, 14),
(291, 'KT7172', 'SB AUDIGY SE OEM  ', 'szt', 1, 22, 25),
(292, 'KT6924', 'SB X-FI mX XTREME AUDIO OEM  ', 'szt', 1, 22, 9),
(293, 'KT3978', 'TV TUNER WINFAST 2000 XP EXPERT STEREO RC/FM', 'szt', 1, 22, 30),
(294, 'KT5810', 'TV TUNER CYFROWY SATELITARNY SKYSTAR 2', 'szt', 1, 22, 6),
(295, 'KT5330', 'Listwa zasilająca - urządzenie filtrujące 1,8m', 'szt', 1, 15, 19),
(296, 'KT9633', 'Listwa zasilająca - urządzenie filtrujące 3m', 'szt', 1, 15, 22),
(297, 'KT2939', 'Listwa zasilająca - urządzenie filtrujące 5m', 'szt', 1, 15, 2),
(298, 'KT1843', 'Kieszeń na wymienny dysk HDD', 'szt', 1, 15, 25),
(299, 'KT1336', 'Obudowa SATA/USB 2.0', 'szt', 1, 15, 2),
(300, 'KT9407', 'Karta Sieciowa 10/100Mbs', 'szt', 1, 15, 34),
(301, 'KT1936', 'Kabel USB 1,8m', 'szt', 1, 15, 1),
(302, 'KT6652', 'Kabel USB 3m', 'szt', 1, 15, 21),
(303, 'KT3930', 'Taśma HDD ATA/100, SATA', 'szt', 1, 15, 5),
(304, 'KT6514', 'Wentylator (zestaw chłodzący) LGA775', 'szt', 1, 15, 7),
(305, 'KT8775', 'Wentylator (zestaw chłodzący) S754, S939, AM2', 'szt', 1, 15, 27),
(306, 'KT4226', 'Edimax Access Point EW-7206APg', 'szt', 1, 7, 19),
(307, 'KT1572', 'Edimax BR-6214K (1xWAN, 4xLAN)', 'szt', 1, 7, 1),
(308, 'KT9953', 'Edimax BR-6204WG (1xWAN, 4xLAN, WiFi)', 'szt', 1, 7, 35),
(309, 'KT4111', 'Edimax AR-7084A (1xAnnex A , 4xLAN) - neostrada', 'szt', 1, 7, 33),
(310, 'KT6433', 'Edimax AR-7084gA (1xAnnex A, 4xLAN, WiFi)  - neostrada', 'szt', 1, 7, 22),
(311, 'KT1855', 'Linksys BEFSR41-EU (1xWAN, 4xLAN)', 'szt', 1, 7, 8),
(312, 'KT5145', 'Linksys BEFSX41-EU (1xWAN, 4xLAN)', 'szt', 1, 7, 21),
(313, 'KT1668', 'Linksys WRT54G2-EU (1xWAN, 4xLAN, WiFi)', 'szt', 1, 7, 29),
(314, 'KT1020', 'Linksys AG241-EU (1xAnnex A , 4xLAN)  - neostrada', 'szt', 1, 7, 18),
(315, 'KT4535', 'Linksys WAG200G-EU (1xAnnex A, 4xLAN, WiFi)  - neostrada', 'szt', 1, 7, 17),
(316, 'KT8256', 'Linksys WAG54GS-EU (1xAnnex A, 4xLAN, WiFi)  - neostrada', 'szt', 1, 7, 18),
(317, 'KT6089', 'UPS ACTIVE POWER  424', 'szt', 1, 22, 12),
(318, 'KT4241', 'UPS ACTIVE POWER  626', 'szt', 1, 22, 3),
(319, 'KT7196', 'UPS ACTIVE POWER  450', 'szt', 1, 22, 31),
(320, 'KT9132', 'UPS ACTIVE POWER  650', 'szt', 1, 22, 25),
(321, 'KT3405', 'UPS ACTIVE POWER  850', 'szt', 1, 22, 9),
(322, 'KT2113', 'UPS FIDELTRONIK ARES 500 ', 'szt', 1, 22, 30),
(323, 'KT7529', 'UPS FIDELTRONIK ARES 700 ', 'szt', 1, 22, 4),
(324, 'KT9868', 'UPS FIDELTRONIK ARES 1000', 'szt', 1, 22, 23),
(325, 'KT2138', 'Canon PIXMA IP1900', 'szt', 1, 22, 15),
(326, 'KT5295', 'Canon PIXMA IP2600', 'szt', 1, 22, 28),
(327, 'KT2252', 'Canon PIXMA IP3600', 'szt', 1, 22, 28),
(328, 'KT6000', 'Canon PIXMA IP4600', 'szt', 1, 22, 24),
(329, 'KT8017', 'Canon PIXMA iX4000 A3', 'szt', 1, 22, 11),
(330, 'KT1591', 'Canon PIXMA MX310 /+FAX  (Drukarka, Skaner, Kopiarka)', 'szt', 1, 22, 2),
(331, 'KT9634', 'Canon PIXMA MP240 (Drukarka, Skaner, Kopiarka)', 'szt', 1, 22, 1),
(332, 'KT9319', 'Canon PIXMA MP540 (Drukarka, Skaner, Kopiarka)', 'szt', 1, 22, 11),
(333, 'KT4331', 'Canon PIXMA MP630 (Drukarka, Skaner, Kopiarka)', 'szt', 1, 22, 16),
(334, 'KT4078', 'Hewlett Packard Desk Jet D1560 USB ', 'szt', 1, 22, 3),
(335, 'KT7663', 'Hewlett Packard Desk Jet D2560 USB', 'szt', 1, 22, 31),
(336, 'KT4014', 'Hewlett Packard Desk Jet D4360 USB', 'szt', 1, 22, 26),
(337, 'KT9902', 'Hewlett Packard Desk Jet 6940 USB', 'szt', 1, 22, 5),
(338, 'KT5861', 'Hewlett Packard Desk Jet 6980 USB', 'szt', 1, 22, 19),
(339, 'KT3828', 'Hewlett Packard Officejet Pro K5400N ', 'szt', 1, 22, 11),
(340, 'KT9240', 'Hewlett Packard PhotoSmart D5460  USB', 'szt', 1, 22, 21),
(341, 'KT7676', 'Hewlett Packard PhotoSmart D7260  USB', 'szt', 1, 22, 12),
(342, 'KT3453', 'Hewlett Packard Office Jet F2280 (Drukarka, Skaner, Kopiarka)', 'szt', 1, 22, 20),
(343, 'KT2531', 'Hewlett Packard Office Jet F4180 (Drukarka, Skaner, Kopiarka)', 'szt', 1, 22, 31),
(344, 'KT7806', 'Hewlett Packard Office Jet F4210 (Drukarka, Skaner, Kopiarka)', 'szt', 1, 22, 23),
(345, 'KT4954', 'Hewlett Packard Office Jet F4280 (Drukarka, Skaner, Kopiarka)', 'szt', 1, 22, 15),
(346, 'KT7778', 'Hewlett Packard Office Jet PSC 4280 (Drukarka, Skaner, Kopiarka)', 'szt', 1, 22, 6),
(347, 'KT5119', 'Hewlett Packard Office Jet PSC 5280 (Drukarka, Skaner, Kopiarka)', 'szt', 1, 22, 28),
(348, 'KT3493', 'Hewlett Packard Laser Jet P1005  USB2.0', 'szt', 1, 22, 22),
(349, 'KT9234', 'Hewlett Packard Laser Jet P1006  USB2.0', 'szt', 1, 22, 13),
(350, 'KT6797', 'Hewlett Packard Laser Jet P1505  USB2.0', 'szt', 1, 22, 22),
(351, 'KT6546', 'Hewlett Packard Laser Jet P1505N  USB2.0 - sieciowa', 'szt', 1, 22, 1),
(352, 'KT7497', 'Hewlett Packard Laser Jet P2015 USB  ', 'szt', 1, 22, 14),
(353, 'KT9686', 'Hewlett Packard Laser Jet M1120N drukarka/kopiarka/skaner', 'szt', 1, 22, 32),
(354, 'KT5768', 'Hewlett Packard Laser Jet M1522N drukarka/kopiarka/skaner', 'szt', 1, 22, 2),
(355, 'KT6661', 'Hewlett Packard Laser Jet M1522NF drukarka/faks/kopiarka/skaner', 'szt', 1, 22, 18),
(356, 'KT5292', 'Samsung ML-1640           ', 'szt', 1, 22, 35),
(357, 'KT9250', 'Samsung ML-2240           ', 'szt', 1, 22, 26),
(358, 'KT1120', 'Samsung ML-2850DR           ', 'szt', 1, 22, 5),
(359, 'KT9112', 'Samsung ML-2851NDR    ', 'szt', 1, 22, 21),
(360, 'KT9825', 'Samsung ML-3470D           ', 'szt', 1, 22, 33),
(361, 'KT8356', 'Samsung KOLOR CLP-310', 'szt', 1, 22, 4),
(362, 'KT4957', 'Samsung KOLOR CLP-350N ', 'szt', 1, 22, 35),
(363, 'KT7885', 'Samsung KOLOR CLP-610ND ', 'szt', 1, 22, 15),
(364, 'KT3331', 'Samsung KOLOR CLP-660N ', 'szt', 1, 22, 19),
(365, 'KT3274', 'Samsung SCX-4200 (Drukarka, Skaner, Kopiarka)', 'szt', 1, 22, 8),
(366, 'KT3191', 'Samsung SCX-4521F(Drukarka, Skaner, Kopiarka, FAX )', 'szt', 1, 22, 2),
(367, 'KT6467', 'Samsung KOLOR CLX-3175 (Drukarka, Skaner, Kopiarka)', 'szt', 1, 22, 23),
(368, 'KT1772', 'Panasonic KX-P1150 (11,7", 9-igieł)', 'szt', 1, 22, 21),
(369, 'KT8088', 'Panasonic KX-P2130 (11,7", 24-igły, kolor-opcjonalny)', 'szt', 1, 22, 34),
(370, 'KT9192', 'Panasonic KX-P1694 (16,5", 9-igiel)', 'szt', 1, 22, 7),
(371, 'KT6625', 'Microsoft Windows  XP Home Edition PL OEM', 'szt', 1, 0, 2),
(372, 'KT7906', 'Microsoft Windows XP Proffesional PL OEM', 'szt', 1, 0, 29),
(373, 'KT1289', 'Microsoft Windows Vista Home Basic 32/64-bit PL OEM  ', 'szt', 1, 0, 27),
(374, 'KT6665', 'Microsoft Windows Vista Home Premium 32/64-bit PL OEM', 'szt', 1, 0, 35),
(375, 'KT0817', 'Microsoft Windows Vista Business 32/64-bit PL OEM', 'szt', 1, 0, 19),
(376, 'KT5980', 'Microsoft Windows Vista Ultimate 32/64-bit PL OEM', 'szt', 1, 0, 30),
(377, 'KT4003', 'MS WORD 2007 PL OEM', 'szt', 1, 0, 14),
(378, 'KT4663', 'MS OFFICE 2007 PL Do Domu na 3 PC   PROMO !!! ', 'szt', 1, 0, 32),
(379, 'KT9235', 'MS Office SB 2007 PL BOX   PROMO !!!', 'szt', 1, 0, 2),
(380, 'KT7042', 'MS OFFICE 2007 PL Basic/SB/Pro/H&S - nośnik instalacyjny', 'szt', 1, 0, 31),
(381, 'KT1834', 'MS OFFICE 2007 BASIC PL OEM   licencja           ', 'szt', 1, 0, 5),
(382, 'KT1206', 'MS OFFICE 2007 SBE PL OEM   licencja               ', 'szt', 1, 0, 33),
(383, 'KT2454', 'MS OFFICE 2007 PROF. PL OEM   licencja ', 'szt', 1, 0, 23),
(384, 'KT9887', 'Norton AntiVirus 2009 PL', 'szt', 1, 0, 33),
(385, 'KT7340', 'Norton Internet Security 2009 PL', 'szt', 1, 0, 31),
(386, 'KT5039', 'KASPERSKY ANTIVIRUS 2009 PL', 'szt', 1, 0, 1),
(387, 'KT4724', 'KASPERSKY INTERNET SECURITY 2009 PL ', 'szt', 1, 0, 31),
(388, 'KT1111', 'Ściereczki do monitorów', 'szt', 10, 22, 100),
(389, 'KT0956', 'Płyn do czyszczenia ekranu', 'l', 0.5, 22, 8.99),
(390, 'KT0957', 'Pasta przewodząca do procesorów', 'kg', 9.5, 23, 90.99);

--
-- Ograniczenia dla zrzutów tabel
--

--
-- Ograniczenia dla tabeli `instytucjeAM`
--
ALTER TABLE `instytucjeAM`
  ADD CONSTRAINT `instytucjeAM_ibfk_1` FOREIGN KEY (`NIP`) REFERENCES `klienciAM` (`NIP`);

--
-- Ograniczenia dla tabeli `klienciindAM`
--
ALTER TABLE `klienciindAM`
  ADD CONSTRAINT `klienciindAM_ibfk_1` FOREIGN KEY (`NIP`) REFERENCES `klienciAM` (`NIP`);

--
-- Ograniczenia dla tabeli `szczegolyAM`
--
ALTER TABLE `szczegolyAM`
  ADD CONSTRAINT `szczegolyAM_ibfk_1` FOREIGN KEY (`NrFaktury`) REFERENCES `fakturyAM` (`NrFaktury`);

/*!40101 SET CHARACTER_SET_CLIENT=@OLD_CHARACTER_SET_CLIENT */;
/*!40101 SET CHARACTER_SET_RESULTS=@OLD_CHARACTER_SET_RESULTS */;
/*!40101 SET COLLATION_CONNECTION=@OLD_COLLATION_CONNECTION */;
